{	
	"AppSize" : {
		"Width": "370",
		"Height": "600",
		"BackgroundColor": "0, 0, 0"
	},
	"Items" : [
		{
			"Name": "DekuSticks",
			"X" : "0",
			"Y" : "0",
			"Size" : "30, 30",
			"Visible" : "false",
			"ImageCollection" : [
				"sticks-bw_32x32.png",
				"sticks_32x32.png"
			]
		},
		{
			"Name" : "DekuNuts",
			"X" : "0",
			"Y" : "0",
			"Size" : "30, 30",
			"Visible" : "false",
			"ImageCollection" : [
				"nuts-bw_32x32.png",
				"nuts_32x32.png"
			]
		},
		{
			"Name" : "Slingshot",
			"X" : "122",
			"Y" : "38",
			"Visible" : "true",
			"Size" : "30, 30",
			"ImageCollection" : [
				"slingshot-bw_32x32.png",
				"slingshot_32x32.png"
			]
		},
		{
			"Name" : "Bombs",
			"X" : "15",
			"Y" : "3",
			"Size" : "30, 30",
			"Visible" : "true",
			"ImageCollection" : [
				"bombs-bw_32x32.png",
				"bombs_32x32.png"
			]
		},
		{
			"Name" : "Bombchus",
			"X" : "15",
			"Y" : "38",
			"Size" : "30, 30",
			"Visible" : "true",
			"ImageCollection" : [
				"bomb-chu-bw_32x32.png",
				"bomb-chu_32x32.png"
			]
		},
		{
			"Name" : "Hookshot",
			"X" : "87",
			"Y" : "3",
			"Size" : "30, 30",
			"Visible" : "true",
			"ImageCollection" : [
				"hookshot-bw_32x32.png",
				"hookshot_32x32.png",
				"longshot_32x32.png"
			]
		},
		{
			"Name": "Bow",
			"X" : "122",
			"Y" : "3",
			"Size" : "30, 30",
			"Visible" : "true",
			"ImageCollection" : [
				"bow-bw_32x32.png",
				"bow_32x32.png"
			]
		},
		{
			"Name" : "FireArrows",
			"X" : "157",
			"Y" : "3",
			"Size" : "30, 30",
			"Visible" : "true",
			"ImageCollection" : [
				"fire-arrows-bw_32x32.png",
				"fire-arrows_32x32.png"
			]
		},
		{
			"Name" : "IceArrows",
			"X" : "0",
			"Y" : "0",
			"Size" : "30, 30",
			"Visible" : "false",
			"ImageCollection" : [
				"ice-arrows-bw_32x32.png",
				"ice-arrows_32x32.png"
			]
		},
		{
			"Name" : "LightArrows",
			"X" : "157",
			"Y" : "38",
			"Size" : "30, 30",
			"Visible" : "true",
			"ImageCollection" : [
				"light-arrows-bw_32x32.png",
				"light-arrows_32x32.png"
			]
		},
		{
			"Name" : "DinsFire",
			"X" : "197",
			"Y" : "3",
			"Size" : "30, 30",
			"Visible" : "true",
			"ImageCollection" : [
				"dins-fire-bw_32x32.png",
				"dins-fire_32x32.png"
			]
		},
		{
			"Name" : "FaroresWind",
			"X" : "197",
			"Y" : "38",
			"Size" : "30, 30",
			"Visible" : "true",
			"ImageCollection" : [
				"farores-wind-bw_32x32.png",
				"farores-wind_32x32.png"
			]
		},
		{
			"Name" : "NairusLove",
			"X" : "0",
			"Y" : "0",
			"Size" : "30, 30",
			"Visible" : "false",
			"ImageCollection" : [
				"nairus-love-bw_32x32.png",
				"nairus-love_32x32.png"
			]
		},
		
		{
			"Name" : "Magic",
			"X" : "232",
			"Y" : "3",
			"Size" : "30, 30",
			"Visible" : "true",
			"ImageCollection" : [
				"magic-bw_32x32.png",
				"magic_32x32.png",
				"double-magic_32x32.png"
			]
		},
		
		{
			"Name" : "BiggoronItems",
			"X" : "307",
			"Y" : "3",
			"Size" : "30, 30",
			"Visible" : "true",
			"ImageCollection" : [
				"prescription-bw_32x32.png",
				"prescription_32x32.png",
				"kz-frog_32x32.png",
				"eye-drops_32x32.png",
				"claim-check_32x32.png"
			]
		},
		{
			"Name" : "Boomerang",
			"X" : "87",
			"Y" : "38",
			"Size" : "30, 30",
			"Visible" : "true",
			"ImageCollection" : [
				"boomerang-bw_32x32.png",
				"boomerang_32x32.png"
			]
		},
		{
			"Name" : "Scale",
			"X" : "272",
			"Y" : "3",
			"Size" : "30, 30",
			"Visible" : "true",
			"ImageCollection" : [
				"scale-bw_32x32.png",
				"scale_32x32.png",
				"golden-scale_32x32.png"
			]
		},
		{
			"Name" : "Strength",
			"X" : "47",
			"Y" : "38",
			"Size" : "30, 30",
			"Visible" : "true",
			"ImageCollection" : [
				"strength-bw_32x32.png",
				"strength_32x32.png",
				"strength2_32x32.png",
				"strength3_32x32.png",
			]
		},
		{
			"Name" : "Lens",
			"X" : "232",
			"Y" : "38",
			"Size" : "30, 30",
			"Visible" : "true",
			"ImageCollection" : [
				"lens-bw_32x32.png",
				"lens_32x32.png"
			]
		},
		{
			"Name" : "Hammer",
			"X" : "47",
			"Y" : "3",
			"Size" : "30, 30",
			"Visible" : "true",
			"ImageCollection" : [
				"hammer-bw_32x32.png",
				"hammer_32x32.png"
			]
		},

		
		{
			"Name" : "Wallet",
			"X" : "307",
			"Y" : "38",
			"Size" : "30, 30",
			"Visible" : "true",
			"ImageCollection" : [
				"wallet-bw_32x32.png",
				"wallet2_32x32.png",
				"wallet3_32x32.png"
			]
		},
		{
			"Name" : "Bottle1",
			"X" : "272",
			"Y" : "38",
			"Size" : "30, 30",
			"Visible" : "true",
			"ImageCollection" : [
				"bottle-rutos-letter-bw_32x32.png",
				"bottle-rutos-letter_32x32.png"
			]
		},
		{
			"Name" : "Bottle2",
			"X" : "0",
			"Y" : "0",
			"Size" : "30, 30",
			"Visible" : "false",
			"ImageCollection" : [
				"bottle-empty-bw_32x32.png",
				"bottle-empty_32x32.png",
				"bottle-milk_32x32.png",
				"bottle-green_32x32.png",
				"bottle-red_32x32.png",
				"bottle-blue_32x32.png",
				"bottle-fairy_32x32.png",
				"bottle-bugs_32x32.png",
				"bottle-poe_32x32.png",
				"bottle-big-poe_32x32.png",
				"bottle-blue-fire_32x32.png",
				"bottle-fish_32x32.png",
				"bottle-rutos-letter-bw_32x32.png",
				"bottle-rutos-letter_32x32.png"
			]
		},
		{
			"Name" : "KokiriSword",
			"X" : "20",
			"Y" : "170",
			"Size" : "30, 30",
			"Visible" : "true",
			"ImageCollection" : [
				"kokiri-sword-bw_32x32.png",
				"kokiri-sword_32x32.png"
			]
		},	
		{
			"Name" : "BiggoronSword",
			"X" : "20",
			"Y" : "190",
			"Size" : "30, 30",
			"Visible" : "false",
			"ImageCollection" : [
				"biggoron-sword-bw_32x32.png",
				"biggoron-sword_32x32.png"
			]
		},
		{
			"Name" : "HylianShield",
			"X" : "30",
			"Y" : "160",
			"Size" : "30, 30",
			"Visible" : "false",
			"ImageCollection" : [
				"hylian-shield-bw_32x32.png",
				"hylian-shield_32x32.png"
			]
		},
		{
			"Name" : "MirrorShield",
			"X" : "20",
			"Y" : "200",
			"Size" : "30, 30",
			"Visible" : "true",
			"ImageCollection" : [
				"mirror-shield-bw_32x32.png",
				"mirror-shield_32x32.png"
			]
		},
		{
			"Name" : "GoronTunic",
			"X" : "60",
			"Y" : "170",
			"Size" : "30, 30",
			"Visible" : "true",
			"ImageCollection" : [
				"goron-tunic-bw_32x32.png",
				"goron-tunic_32x32.png"
			]
		},
		{
			"Name" : "ZoraTunic",
			"X" : "60",
			"Y" : "200",
			"Size" : "30, 30",
			"Visible" : "true",
			"ImageCollection" : [
				"zora-tunic-bw_32x32.png",
				"zora-tunic_32x32.png"
			]
		},
		{
			"Name" : "IronBoots",
			"X" : "100",
			"Y" : "170",
			"Size" : "30, 30",
			"Visible" : "true",
			"ImageCollection" : [
				"iron-boots-bw_32x32.png",
				"iron-boots_32x32.png"
			]
		},
		{
			"Name" : "HoverBoots",
			"X" : "100",
			"Y" : "200",
			"Size" : "30, 30",
			"Visible" : "true",
			"ImageCollection" : [
				"hover-boots-bw_32x32.png",
				"hover-boots_32x32.png"
			]
		},		
	],
	"DoubleItems" : [
		{
		}
	],	
	"CollectedItems" : [
		{
			"Name" : "CollectedSkulls",
			"X" : "160",
			"Y" : "180",
			"Size" : "30, 30",
			"Visible" : "true",
			"ImageCollection" : [
				"collected-skulltulas_32x32.png"
			],
			
			"LabelFontName" : "Consolas",
			"LabelFontSize" : "14",
			"LabelFontStyle" : "Bold",
			"LabelColor" : "White"
		}
	],
	"Songs" : [
		{
			"Name" : "ZeldasLullaby",
			"X" : "20",
			"Y" : "90",
			"Size" : "24, 20",
			"Visible" : "true",
			"DragAndDropImageName" : "",
			"ImageCollection" : [
				"zeldas-lullaby-bw_32x40.png",
				"zeldas-lullaby_32x40.png",
			],
			"TinyImageCollection" : [
				"no-song_16x16.png",
				"check-song_16x16.png"
			]
		},
		{
			"Name" : "EponasSong",
			"X" : "52",
			"Y" : "90",
			"Size" : "24, 20",
			"Visible" : "true",
			"DragAndDropImageName" : "",
			"ImageCollection" : [
				"epona-bw_32x40.png",
				"epona_32x40.png",
			],
			"TinyImageCollection" : [
				"no-song_16x16.png",
				"check-song_16x16.png"
			]
		},
		{
			"Name" : "SariasSong",
			"X" : "84",
			"Y" : "90",
			"Size" : "24, 20",
			"Visible" : "true",
			"DragAndDropImageName" : "",
			"ImageCollection" : [
				"saria-bw_32x40.png",
				"saria_32x40.png",
			],
			"TinyImageCollection" : [
				"no-song_16x16.png",
				"check-song_16x16.png"
			]
		},
		{
			"Name" : "SunsSong",
			"X" : "117",
			"Y" : "90",
			"Size" : "24, 20",
			"Visible" : "true",
			"DragAndDropImageName" : "",
			"ImageCollection" : [
				"suns-song-bw_32x40.png",
				"suns-song_32x40.png",
			],
			"TinyImageCollection" : [
				"no-song_16x16.png",
				"check-song_16x16.png"
			]
		},
		{
			"Name" : "SongOfTime",
			"X" : "148",
			"Y" : "90",
			"Size" : "24, 20",
			"Visible" : "true",
			"DragAndDropImageName" : "",
			"ImageCollection" : [
				"song-of-time-bw_32x40.png",
				"song-of-time_32x40.png",
			],
			"TinyImageCollection" : [
				"no-song_16x16.png",
				"check-song_16x16.png"
			]
		},
		{
			"Name" : "SongOfStorms",
			"X" : "180",
			"Y" : "90",
			"Size" : "24, 20",
			"Visible" : "true",
			"DragAndDropImageName" : "",
			"ImageCollection" : [
				"song-of-storms-bw_32x40.png",
				"song-of-storms_32x40.png",
			],
			"TinyImageCollection" : [
				"no-song_16x16.png",
				"check-song_16x16.png"
			]
		},
		{
			"Name" : "Minuet",
			"X" : "20",
			"Y" : "120",
			"Size" : "24, 20",
			"Visible" : "true",
			"DragAndDropImageName" : "",
			"ImageCollection" : [
				"minuet-bw_32x40.png",
				"minuet_32x40.png",
			],
			"TinyImageCollection" : [
				"no-song_16x16.png",
				"check-song_16x16.png"
			]
		},
		{
			"Name" : "Bolero",
			"X" : "52",
			"Y" : "120",
			"Size" : "24, 20",
			"Visible" : "true",
			"DragAndDropImageName" : "",
			"ImageCollection" : [
				"bolero-bw_32x40.png",
				"bolero_32x40.png",
			],
			"TinyImageCollection" : [
				"no-song_16x16.png",
				"check-song_16x16.png"
			]
		},
		
		{
			"Name" : "Serenade",
			"X" : "84",
			"Y" : "120",
			"Size" : "24, 20",
			"Visible" : "true",
			"DragAndDropImageName" : "",
			"ImageCollection" : [
				"serenade-bw_32x40.png",
				"serenade_32x40.png",
			],
			"TinyImageCollection" : [
				"no-song_16x16.png",
				"check-song_16x16.png"
			]
		},
		{
			"Name" : "Nocturne",
			"X" : "117",
			"Y" : "120",
			"Size" : "24, 20",
			"Visible" : "true",
			"DragAndDropImageName" : "",
			"ImageCollection" : [
				"nocturne-bw_32x40.png",
				"nocturne_32x40.png",
			],
			"TinyImageCollection" : [
				"no-song_16x16.png",
				"check-song_16x16.png"
			]
		},
		{
			"Name" : "Requiem",
			"X" : "148",
			"Y" : "120",
			"Size" : "24, 20",
			"Visible" : "true",
			"DragAndDropImageName" : "",
			"ImageCollection" : [
				"requiem-bw_32x40.png",
				"requiem_32x40.png",
			],
			"TinyImageCollection" : [
				"no-song_16x16.png",
				"check-song_16x16.png"
			]
		},
		{
			"Name" : "Prelude",
			"X" : "180",
			"Y" : "120",
			"Size" : "24, 20",
			"Visible" : "true",
			"DragAndDropImageName" : "",
			"ImageCollection" : [
				"prelude-bw_32x40.png",
				"prelude_32x40.png",
			],
			"TinyImageCollection" : [
				"no-song_16x16.png",
				"check-song_16x16.png"
			]
		},
	],
	"Medallions" : [
		{
			"Name" : "GreenMedallion",
			"X" : "230",
			"Y" : "90",
			"Size" : "32, 32",
			"Visible" : "true",
			"ImageCollection" : [
				"green-medallion-bw_32x32.png",
				"green-medallion_32x32.png"
			],
			"Label": {    
				"TextCollection": [
					"????",
					"FREE",
					"DEKU",
					"DC",
					"JABU",
					"FOREST",
					"FIRE",
					"WATER",
					"SHADOW",
					"SPIRIT"
				],    
				"FontName" : "Consolas",
				"FontSize": "8",
				"FontStyle" : "Bold"
			}
		},
		{
			"Name": "RedMedallion",
			"X" : "270",
			"Y" : "90",
			"Size" : "32, 32",
			"Visible" : "true",
			"ImageCollection" : [
				"red-medallion-bw_32x32.png",
				"red-medallion_32x32.png"
			],
			"Label": {    
				"TextCollection": [
					"????",
					"FREE",
					"DEKU",
					"DC",
					"JABU",
					"FOREST",
					"FIRE",
					"WATER",
					"SHADOW",
					"SPIRIT"
				],    
				"FontName" : "Consolas",
				"FontSize": "8",
				"FontStyle" : "Bold"
			}
		},
		{
			"Name" : "BlueMedallion",
			"X" : "310",
			"Y" : "90",
			"Size" : "32, 32",
			"Visible" : "true",
			"ImageCollection" : [
				"blue-medallion-bw_32x32.png",
				"blue-medallion_32x32.png"
			],
			"Label": {    
				"TextCollection": [
					"????",
					"FREE",
					"DEKU",
					"DC",
					"JABU",
					"FOREST",
					"FIRE",
					"WATER",
					"SHADOW",
					"SPIRIT"
				],    
				"FontName" : "Consolas",
				"FontSize": "8",
				"FontStyle" : "Bold"
			}
		},
		{
			"Name" : "PurpleMedallion",
			"X" : "230",
			"Y" : "130",
			"Size" : "32, 32",
			"Visible" : "true",
			"ImageCollection" : [
				"purple-medallion-bw_32x32.png",
				"purple-medallion_32x32.png"
			],
			"Label": {    
				"TextCollection": [
					"????",
					"FREE",
					"DEKU",
					"DC",
					"JABU",
					"FOREST",
					"FIRE",
					"WATER",
					"SHADOW",
					"SPIRIT"
				],    
				"FontName" : "Consolas",
				"FontSize": "8",
				"FontStyle" : "Bold"
			}
		},
		{
			"Name" : "OrangeMedallion",
			"X" : "270",
			"Y" : "130",
			"Size" : "32, 32",
			"Visible" : "true",
			"ImageCollection" : [
				"orange-medallion-bw_32x32.png",
				"orange-medallion_32x32.png"
			],
			"Label": {    
				"TextCollection": [
					"????",
					"FREE",
					"DEKU",
					"DC",
					"JABU",
					"FOREST",
					"FIRE",
					"WATER",
					"SHADOW",
					"SPIRIT"
				],    
				"FontName" : "Consolas",
				"FontSize": "8",
				"FontStyle" : "Bold"
			}
		},
		{
			"Name" : "YellowMedallion",
			"X" : "310",
			"Y" : "130",
			"Size" : "32, 32",
			"Visible" : "true",
			"ImageCollection" : [
				"yellow-medallion-bw_32x32.png",
				"yellow-medallion_32x32.png"
			],
			"Label": {    
				"TextCollection": [
					"????",
					"FREE",
					"DEKU",
					"DC",
					"JABU",
					"FOREST",
					"FIRE",
					"WATER",
					"SHADOW",
					"SPIRIT"
				],    
				"FontName" : "Consolas",
				"FontSize": "8",
				"FontStyle" : "Bold"
			}
		},
		{
			"Name" : "KokiriStone",
			"X" : "233",
			"Y" : "170",
			"Size" : "24, 24",
			"Visible" : "true",
			"ImageCollection" : [
				"kokiri-stone-bw_32x32.png",
				"kokiri-stone_32x32.png"
			],
			"Label": {    
				"TextCollection": [
					"????",
					"FREE",
					"DEKU",
					"DC",
					"JABU",
					"FOREST",
					"FIRE",
					"WATER",
					"SHADOW",
					"SPIRIT"
				],    
				"FontName" : "Consolas",
				"FontSize": "8",
				"FontStyle" : "Bold"
			}
		},
		{
			"Name" : "GoronStone",
			"X" : "274",
			"Y" : "170",
			"Size" : "24, 24",
			"Visible" : "true",
			"ImageCollection" : [
				"goron-stone-bw_32x32.png",
				"goron-stone_32x32.png"
			],
			"Label": {    
				"TextCollection": [
					"????",
					"FREE",
					"DEKU",
					"DC",
					"JABU",
					"FOREST",
					"FIRE",
					"WATER",
					"SHADOW",
					"SPIRIT"
				],    
				"FontName" : "Consolas",
				"FontSize": "8",
				"FontStyle" : "Bold"
			}
		},
		{
			"Name" : "ZoraStone",
			"X" : "314",
			"Y" : "170",
			"Size" : "24, 24",
			"Visible" : "true",
			"ImageCollection" : [
				"zora-stone-bw_32x32.png",
				"zora-stone_32x32.png"
			],
			"Label": {    
				"TextCollection": [
					"????",
					"FREE",
					"DEKU",
					"DC",
					"JABU",
					"FOREST",
					"FIRE",
					"WATER",
					"SHADOW",
					"SPIRIT"
				],    
				"FontName" : "Consolas",
				"FontSize": "8",
				"FontStyle" : "Bold"
			}
		}
	],
	"GuaranteedHints" : [
		{
			"Name" : "SkulltulasHint_30",
			"X" : "215",
			"Y" : "246",
			"Size" : "24, 24",
			"Visible" : "true",
			"ImageCollection" : [
				"30-gold-skulltula_32x32.png"
			]
		},
		{
			"Name" : "SkulltulasHint_40",
			"X" : "215",
			"Y" : "276",
			"Size" : "24, 24",
			"Visible" : "true",
			"ImageCollection" : [
				"40-gold-skulltula_32x32.png"
			]
		},
		{
			"Name" : "SkulltulasHint_50",
			"X" : "215",
			"Y" : "306",
			"Size" : "24, 24",
			"Visible" : "true",
			"ImageCollection" : [
				"50-gold-skulltula_32x32.png"
			]
		},
		{
			"Name" : "SkullMaskHint",
			"X" : "285",
			"Y" : "246",
			"Size" : "24, 24",
			"Visible" : "true",
			"ImageCollection" : [
				"ocarina-of-time_32x32.png"
			]
		},
		
		{
			"Name" : "BiggoronHint",
			"X" : "285",
			"Y" : "276",
			"Size" : "24, 24",
			"Visible" : "true",
			"ImageCollection" : [
				"biggoron_32x32.png"
			]
		},		
		{
			"Name" : "FrogsHint",
			"X" : "285",
			"Y" : "306",
			"Size" : "24, 24",
			"Visible" : "true",
			"ImageCollection" : [
				"frogs_32x32.png"
			]
		},		
		{
			"Name" : "OcarinaOfTimeHint",
			"X" : "285",
			"Y" : "336",
			"Size" : "24, 24",
			"Visible" : "false",
			"ImageCollection" : [
				"ocarina-of-time_32x32.png"
			]
		},
		
	],
	"GossipStones" : [
		{
			"Name" : "SkulltulasHint_30_GossipStone",
			"X" : "245",
			"Y" : "248",
			"Size" : "24, 24",
			"Visible" : "true",
			"ImageCollection" : [
				"gossip-stone-bw_32x32.png",
				"sold-out_32x32.png",
				"bottle-empty_32x32.png",
				"bottle-big-poe_32x32.png"
			]
		},
		{
			"Name" : "SkulltulasHint_40_GossipStone",
			"X" : "245",
			"Y" : "278",
			"Size" : "24, 24",
			"Visible" : "true",
			"ImageCollection" : [
				"gossip-stone-bw_32x32.png",
				"sold-out_32x32.png",
				"bottle-empty_32x32.png",
				"bottle-big-poe_32x32.png"
			]
		},
		{
			"Name" : "SkulltulasHint_50_GossipStone",
			"X" : "245",
			"Y" : "308",
			"Size" : "24, 24",
			"Visible" : "true",
			"ImageCollection" : [
				"gossip-stone-bw_32x32.png",
				"sold-out_32x32.png",
				"bottle-empty_32x32.png",
				"bottle-big-poe_32x32.png"
			]
		},
		{
			"Name" : "SkullMaskHint_GossipStone",
			"X" : "315",
			"Y" : "248",
			"Size" : "24, 24",
			"Visible" : "true",
			"ImageCollection" : [
				"gossip-stone-bw_32x32.png",
				"sold-out_32x32.png",
				"bottle-empty_32x32.png",
				"bottle-big-poe_32x32.png"
			]
		},
		{
			"Name" : "BiggoronHint_GossipStone",
			"X" : "315",
			"Y" : "278",
			"Size" : "24, 24",
			"Visible" : "true",
			"ImageCollection" : [
				"gossip-stone-bw_32x32.png",
				"sold-out_32x32.png",
				"bottle-empty_32x32.png",
				"bottle-big-poe_32x32.png"
			]
		},
		{
			"Name" : "FrogsHint_GossipStone",
			"X" : "315",
			"Y" : "308",
			"Size" : "24, 24",
			"Visible" : "true",
			"ImageCollection" : [
				"gossip-stone-bw_32x32.png",
				"sold-out_32x32.png",
				"bottle-empty_32x32.png",
				"bottle-big-poe_32x32.png"
			]
		},
		{
			"Name" : "OcarinaOfTimeHint_GossipStone",
			"X" : "315",
			"Y" : "338",
			"Size" : "24, 24",
			"Visible" : "false",
			"ImageCollection" : [
				"gossip-stone-bw_32x32.png",
				"sold-out_32x32.png",
				"bottle-empty_32x32.png",
				"bottle-big-poe_32x32.png"
			]
		},
		{
			"Name" : "SometimesHint1_GossipStone",
			"X" : "140",
			"Y" : "248",
			"Size" : "24, 24",
			"Visible" : "true",
			"ImageCollection" : [
				"gossip-stone-bw_32x32.png",
				"sold-out_32x32.png",
				"key_32x32.png",
				"bk_32x32.png",
				"bottle-empty_32x32.png",
				"bottle-big-poe_32x32.png"
			]
		},
		{
			"Name" : "SometimesHint2_GossipStone",
			"X" : "140",
			"Y" : "278",
			"Size" : "24, 24",
			"Visible" : "true",
			"ImageCollection" : [
				"gossip-stone-bw_32x32.png",
				"sold-out_32x32.png",
				"key_32x32.png",
				"bk_32x32.png",
				"bottle-empty_32x32.png",
				"bottle-big-poe_32x32.png"
			]
		},
		{
			"Name" : "SometimesHint3_GossipStone",
			"X" : "140",
			"Y" : "308",
			"Size" : "24, 24",
			"Visible" : "true",
			"ImageCollection" : [
				"gossip-stone-bw_32x32.png",
				"sold-out_32x32.png",
				"key_32x32.png",
				"bk_32x32.png",
				"bottle-empty_32x32.png",
				"bottle-big-poe_32x32.png"
			]
		},
		{
			"Name" : "SometimesHint4_GossipStone",
			"X" : "140",
			"Y" : "338",
			"Size" : "24, 24",
			"Visible" : "true",
			"ImageCollection" : [
				"gossip-stone-bw_32x32.png",
				"sold-out_32x32.png",
				"key_32x32.png",
				"bk_32x32.png",
				"bottle-empty_32x32.png",
				"bottle-big-poe_32x32.png"
			]
		},
		{
			"Name" : "SometimesHint5_GossipStone",
			"X" : "140",
			"Y" : "368",
			"Size" : "24, 24",
			"Visible" : "false",
			"ImageCollection" : [
				"gossip-stone-bw_32x32.png",
				"sold-out_32x32.png",
				"key_32x32.png",
				"bk_32x32.png",
				"bottle-empty_32x32.png",
				"bottle-big-poe_32x32.png"
			]
		}
		
	],
	
	"GoMode": [
		{
			"Name" : "GoMode",
			"X" : "275",
			"Y" : "350",
			"Size" : "32, 32",
			"Visible" : "false",
			"ImageCollection" : [
				"go-mode-bw_32x32.png",
				"go-mode_32x32.png"
			],
			"BackgroundImage" : "go-mode-background.png"
		}
	],
	"SometimesHints" : [
		{
			"Name" : "SometimesHint1",
			"X" : "23",
			"Y" : "250",
			"Visible" : "true",
			"BackColor" : "64,64,64",
			"FontName" : "Calibri",
			"FontSize" : "8",
			"FontStyle" : "Bold",
			"FontColor" : "White",
			"Width" : "108",
			"Height" : "23"
		},
		{
			"Name" : "SometimesHint2",
			"X" : "23",
			"Y" : "280",
			"Visible" : "true",
			"BackColor" : "64,64,64",
			"FontName" : "Calibri",
			"FontSize" : "8",
			"FontStyle" : "Bold",
			"FontColor" : "White",
			"Width" : "108",
			"Height" : "23"
		},
		{
			"Name" : "SometimesHint3",
			"X" : "23",
			"Y" : "310",
			"Visible" : "true",
			"BackColor" : "64,64,64",
			"FontName" : "Calibri",
			"FontSize" : "8",
			"FontStyle" : "Bold",
			"FontColor" : "White",
			"Width" : "108",
			"Height" : "23"
		},
		{
			"Name" : "SometimesHint4",
			"X" : "23",
			"Y" : "340",
			"Visible" : "true",
			"BackColor" : "64,64,64",
			"FontName" : "Calibri",
			"FontSize" : "8",
			"FontStyle" : "Bold",
			"FontColor" : "White",
			"Width" : "108",
			"Height" : "23"
		},
		{
			"Name" : "SometimesHint5",
			"X" : "23",
			"Y" : "370",
			"Visible" : "false",
			"BackColor" : "64,64,64",
			"FontName" : "Calibri",
			"FontSize" : "8",
			"FontStyle" : "Bold",
			"FontColor" : "White",
			"Width" : "108",
			"Height" : "23"
		}
	],
	"Chronometers" : [
		{
			"Name" : "MainChronometer",
			"X" : "95",
			"Y" : "530",
			"Visible" : "false",
			"FontName" : "Calibri",
			"FontSize" : "36",
			"FontStyle" : "Bold",
			"FontColor" : "White"
		}
	],
	"PanelWoth" : [
		{
			"Name" : "MainPanelWoth",
			"X" : "23",
			"Y" : "375",
			"Visible" : "true",
			"BackColor" : "64, 64, 64",
			"Width" : "315",
			"Height" : "96",
			"NbMaxRows" : "4",
			"IsScrollable" : "false",
			
			"TextBoxName" : "TextBox_MainPanelWoth",
			"TextBoxBackColor" : "74, 138, 182",
			"TextBoxFontName" : "Calibri",
			"TextBoxFontSize" : "11",
			"TextBoxFontStyle" : "Bold",
			"TextBoxWidth" : "240",
			"TextBoxHeight" : "26",
			"TextBoxText" : ":: Way of the Hero ::",
			
			"LabelColor": "White",
			"LabelBackColor" : "CadetBlue",
			"LabelFontName" : "Calibri",
			"LabelFontSize" : "11",
			"LabelFontStyle" : "Bold",
			"LabelWidth" : "204",
			"LabelHeight" : "24",
			
			"GossipStoneSize" : "24, 24",
			"GossipStoneImageCollection" : [
				"gossip-stone-bw_32x32.png",
				"sold-out_32x32.png",
				"bottle-empty_32x32.png",
				"bottle-big-poe_32x32.png"
			]
		}
	],
	"PanelBarren" : [
		{
			"Name" : "MainPanelBarren",
			"X" : "23",
			"Y" : "480",
			"Visible" : "true",
			"BackColor" : "64, 64, 64",
			"Width" : "180",
			"Height" : "60",
			"NbMaxRows" : "2",
			"IsScrollable" : "false",
			
			"TextBoxName" : "TextBox_MainPanelWoth",
			"TextBoxBackColor" : "198, 68, 92",
			"TextBoxFontName" : "Calibri",
			"TextBoxFontSize" : "11",
			"TextBoxFontStyle" : "Bold",
			"TextBoxWidth" : "222",
			"TextBoxHeight" : "24",
			"TextBoxText" : ":: Barren ::",
			
			"LabelColor": "White",
			"LabelBackColor" : "IndianRed",
			"LabelFontName" : "Calibri",
			"LabelFontSize" : "11",
			"LabelFontStyle" : "Bold",
			"LabelWidth" : "222",
			"LabelHeight" : "24"
		}
	],
}