{	
	"AppSize" : {
		"Width": "720",
		"Height": "600",
		"BackgroundColor": "0, 0, 0",
		"DefaultSongMarkerImages" : [
			"no-song_16x16.png",
			"check-song_16x16.png",
		],
		"DefaultGossipStoneImages" : [
			"gossip-stone-bw_32x32.png",
			"sold-out_32x32.png",
			"bottle-empty_32x32.png",
			"bottle-big-poe_32x32.png",
		],
		"WothColors" : [
			"White",
			"Yellow",
			"DarkOrange",
			"Red",
			"Black",
		],
		"DefaultWothColorIndex" : "0",
		"DefaultDungeonNames" : {    
			"TextCollection" : [
				"JABU",
				"DC",
				"DEKU",
				"None",
				"FOREST",
				"FIRE",
				"WATER",
				"SHADOW",
				"SPIRIT",
			],
			"DefaultValue" : "3",
			"Wraparound" : "false",
			"FontName" : "Consolas",
			"FontSize": "8",
			"FontStyle" : "Bold",
		},
	},
	"Items" : [
		{
			"Name": "DekuSticks",
			"X" : "0",
			"Y" : "0",
			"Size" : "30, 30",
			"Visible" : "false",
			"ImageCollection" : [
				"sticks-bw_32x32.png",
				"sticks_32x32.png",
			],
		},
		{
			"Name" : "DekuNuts",
			"X" : "0",
			"Y" : "0",
			"Size" : "30, 30",
			"Visible" : "false",
			"ImageCollection" : [
				"nuts-bw_32x32.png",
				"nuts_32x32.png",
			],
		},
		{
			"Name" : "Slingshot",
			"X" : "15",
			"Y" : "3",
			"Visible" : "true",
			"Size" : "30, 30",
			"ImageCollection" : [
				"slingshot-bw_32x32.png",
				"slingshot_32x32.png",
			],
		},
		{
			"Name" : "Bombs",
			"X" : "52",
			"Y" : "3",
			"Size" : "30, 30",
			"Visible" : "true",
			"ImageCollection" : [
				"bombs-bw_32x32.png",
				"bombs_32x32.png",
			],
		},
		{
			"Name" : "Bombchus",
			"X" : "52",
			"Y" : "38",
			"Size" : "30, 30",
			"Visible" : "true",
			"ImageCollection" : [
				"bomb-chu-bw_32x32.png",
				"bomb-chu_32x32.png",
			],
		},
		{
			"Name" : "Hookshot",
			"X" : "126",
			"Y" : "3",
			"Size" : "30, 30",
			"Visible" : "true",
			"ImageCollection" : [
				"hookshot-bw_32x32.png",
				"hookshot_32x32.png",
				"longshot_32x32.png",
			],
		},
		{
			"Name": "Bow",
			"X" : "126",
			"Y" : "38",
			"Size" : "30, 30",
			"Visible" : "true",
			"ImageCollection" : [
				"bow-bw_32x32.png",
				"bow_32x32.png",
			],
		},
		{
			"Name" : "FireArrows",
			"X" : "163",
			"Y" : "38",
			"Size" : "30, 30",
			"Visible" : "true",
			"ImageCollection" : [
				"fire-arrows-bw_32x32.png",
				"fire-arrows_32x32.png",
			],
		},
		{
			"Name" : "IceArrows",
			"X" : "0",
			"Y" : "0",
			"Size" : "30, 30",
			"Visible" : "false",
			"ImageCollection" : [
				"ice-arrows-bw_32x32.png",
				"ice-arrows_32x32.png",
			],
		},
		{
			"Name" : "LightArrows",
			"X" : "200",
			"Y" : "38",
			"Size" : "30, 30",
			"Visible" : "true",
			"ImageCollection" : [
				"light-arrows-bw_32x32.png",
				"light-arrows_32x32.png",
			],
		},
		{
			"Name" : "DinsFire",
			"X" : "237",
			"Y" : "3",
			"Size" : "30, 30",
			"Visible" : "true",
			"ImageCollection" : [
				"dins-fire-bw_32x32.png",
				"dins-fire_32x32.png",
			],
		},
		{
			"Name" : "FaroresWind",
			"X" : "237",
			"Y" : "38",
			"Size" : "30, 30",
			"Visible" : "true",
			"ImageCollection" : [
				"farores-wind-bw_32x32.png",
				"farores-wind_32x32.png",
			],
		},
		{
			"Name" : "NayrusLove",
			"X" : "237",
			"Y" : "73",
			"Size" : "30, 30",
			"Visible" : "true",
			"ImageCollection" : [
				"nayrus-love-bw_32x32.png",
				"nayrus-love_32x32.png",
			],
		},
		
		{
			"Name" : "Magic",
			"X" : "163",
			"Y" : "3",
			"Size" : "30, 30",
			"Visible" : "true",
			"ImageCollection" : [
				"magic-bw_32x32.png",
				"magic_32x32.png",
				"double-magic_32x32.png",
			],
		},
		
		{
			"Name" : "ChildTrading",
			"X" : "311",
			"Y" : "3",
			"Size" : "30, 30",
			"Visible" : "true",
			"ImageCollection" : [
				"zeldas-letter_32x32.png",
				"keaton-mask_32x32.png",
				"sold-out_32x32.png",
				"skull-mask_32x32.png",
			],
		},

		{
			"Name" : "BiggoronItems",
			"X" : "311",
			"Y" : "38",
			"Size" : "30, 30",
			"Visible" : "true",
			"ImageCollection" : [
				"prescription-bw_32x32.png",
				"prescription_32x32.png",
				"kz-frog_32x32.png",
				"eye-drops_32x32.png",
				"claim-check_32x32.png",
			],
		},

		{
			"Name" : "Boomerang",
			"X" : "15",
			"Y" : "38",
			"Size" : "30, 30",
			"Visible" : "true",
			"ImageCollection" : [
				"boomerang-bw_32x32.png",
				"boomerang_32x32.png",
			],
		},
		{
			"Name" : "Scale",
			"X" : "274",
			"Y" : "73",
			"Size" : "30, 30",
			"Visible" : "true",
			"ImageCollection" : [
				"scale-bw_32x32.png",
				"scale_32x32.png",
				"golden-scale_32x32.png",
			],
		},
		{
			"Name" : "Strength",
			"X" : "89",
			"Y" : "3",
			"Size" : "30, 30",
			"Visible" : "true",
			"ImageCollection" : [
				"strength-bw_32x32.png",
				"strength_32x32.png",
				"strength2_32x32.png",
				"strength3_32x32.png",
			],
		},
		{
			"Name" : "Lens",
			"X" : "200",
			"Y" : "3",
			"Size" : "30, 30",
			"Visible" : "true",
			"ImageCollection" : [
				"lens-bw_32x32.png",
				"lens_32x32.png",
			],
		},
		{
			"Name" : "Hammer",
			"X" : "89",
			"Y" : "38",
			"Size" : "30, 30",
			"Visible" : "true",
			"ImageCollection" : [
				"hammer-bw_32x32.png",
				"hammer_32x32.png",
			],
		},

		
		{
			"Name" : "Wallet",
			"X" : "311",
			"Y" : "73",
			"Size" : "30, 30",
			"Visible" : "true",
			"ImageCollection" : [
				"wallet-bw_32x32.png",
				"wallet2_32x32.png",
				"wallet3_32x32.png",
			],
		},
		{
			"Name" : "Bottle1",
			"X" : "274",
			"Y" : "3",
			"Size" : "30, 30",
			"Visible" : "true",
			"ImageCollection" : [
				"bottle-rutos-letter-bw_32x32.png",
				"bottle-rutos-letter_32x32.png",
			],
		},
		{
			"Name" : "Bottle2",
			"X" : "274",
			"Y" : "38",
			"Size" : "30, 30",
			"Visible" : "false",
			"ImageCollection" : [
				"bottle-empty-bw_32x32.png",
				"bottle-empty_32x32.png",
				"bottle-milk_32x32.png",
				"bottle-green_32x32.png",
				"bottle-red_32x32.png",
				"bottle-blue_32x32.png",
				"bottle-fairy_32x32.png",
				"bottle-bugs_32x32.png",
				"bottle-poe_32x32.png",
				"bottle-big-poe_32x32.png",
				"bottle-blue-fire_32x32.png",
				"bottle-fish_32x32.png",
				"bottle-rutos-letter-bw_32x32.png",
				"bottle-rutos-letter_32x32.png",
			],
		},
		{
			"Name" : "KokiriSword",
			"X" : "15",
			"Y" : "76",
			"Size" : "30, 30",
			"Visible" : "true",
			"ImageCollection" : [
				"kokiri-sword-bw_32x32.png",
				"kokiri-sword_32x32.png",
			],
		},	
		{
			"Name" : "BiggoronSword",
			"X" : "15",
			"Y" : "106",
			"Size" : "30, 30",
			"Visible" : "true",
			"ImageCollection" : [
				"biggoron-sword-bw_32x32.png",
				"biggoron-sword_32x32.png",
			],
		},
		{
			"Name" : "HylianShield",
			"X" : "52",
			"Y" : "76",
			"Size" : "30, 30",
			"Visible" : "true",
			"ImageCollection" : [
				"hylian-shield-bw_32x32.png",
				"hylian-shield_32x32.png",
			],
		},
		{
			"Name" : "MirrorShield",
			"X" : "52",
			"Y" : "106",
			"Size" : "30, 30",
			"Visible" : "true",
			"ImageCollection" : [
				"mirror-shield-bw_32x32.png",
				"mirror-shield_32x32.png",
			],
		},
		{
			"Name" : "GoronTunic",
			"X" : "89",
			"Y" : "76",
			"Size" : "30, 30",
			"Visible" : "true",
			"ImageCollection" : [
				"goron-tunic-bw_32x32.png",
				"goron-tunic_32x32.png",
			],
		},
		{
			"Name" : "ZoraTunic",
			"X" : "89",
			"Y" : "106",
			"Size" : "30, 30",
			"Visible" : "true",
			"ImageCollection" : [
				"zora-tunic-bw_32x32.png",
				"zora-tunic_32x32.png",
			],
		},
		{
			"Name" : "IronBoots",
			"X" : "126",
			"Y" : "76",
			"Size" : "30, 30",
			"Visible" : "true",
			"ImageCollection" : [
				"iron-boots-bw_32x32.png",
				"iron-boots_32x32.png",
			],
		},
		{
			"Name" : "HoverBoots",
			"X" : "126",
			"Y" : "106",
			"Size" : "30, 30",
			"Visible" : "true",
			"ImageCollection" : [
				"hover-boots-bw_32x32.png",
				"hover-boots_32x32.png",
			],
		},		
	],
	"DoubleItems" : [
		{
		},
	],	
	"CollectedItems" : [
		{
			"Name" : "CollectedSkulls",
			"X" : "177",
			"Y" : "90",
			"Size" : "30, 30",
			"Step" : "1",
			"Visible" : "true",
			"ImageCollection" : [
				"collected-skulltulas_32x32.png",
			],
			
			"LabelFontName" : "Consolas",
			"LabelFontSize" : "14",
			"LabelFontStyle" : "Bold",
			"LabelColor" : "White",
		},

		{
			"Name" : "Bottles",
			"X" : "274",
			"Y" : "38",
			"Size" : "30, 30",
			"CountPosition" : "10, 7",
			"CountMax" : "4",
			"Visible" : "true",
			"ImageCollection" : [
				"bottle-empty_32x32.png",
			],
			
			"LabelFontName" : "Consolas",
			"LabelFontSize" : "14",
			"LabelFontStyle" : "Bold",
			"LabelColor" : "White",
		}
	],
	"Songs" : [
		{
			"Name" : "ZeldasLullaby",
			"X" : "20",
			"Y" : "146",
			"Size" : "24, 24",
			"Visible" : "true",
			"DragAndDropImageName" : "",
			"ImageCollection" : [
				"zeldas-lullaby-bw_32x32.png",
				"zeldas-lullaby_32x32.png",
			],
		},
		{
			"Name" : "EponasSong",
			"X" : "52",
			"Y" : "146",
			"Size" : "24, 24",
			"Visible" : "true",
			"DragAndDropImageName" : "",
			"ImageCollection" : [
				"epona-bw_32x32.png",
				"epona_32x32.png",
			],
		},
		{
			"Name" : "SariasSong",
			"X" : "84",
			"Y" : "146",
			"Size" : "24, 24",
			"Visible" : "true",
			"DragAndDropImageName" : "",
			"ImageCollection" : [
				"saria-bw_32x32.png",
				"saria_32x32.png",
			],
		},
		{
			"Name" : "SunsSong",
			"X" : "117",
			"Y" : "146",
			"Size" : "24, 24",
			"Visible" : "true",
			"DragAndDropImageName" : "",
			"ImageCollection" : [
				"suns-song-bw_32x32.png",
				"suns-song_32x32.png",
			],
		},
		{
			"Name" : "SongOfTime",
			"X" : "148",
			"Y" : "146",
			"Size" : "24, 24",
			"Visible" : "true",
			"DragAndDropImageName" : "",
			"ImageCollection" : [
				"song-of-time-bw_32x32.png",
				"song-of-time_32x32.png",
			],
		},
		{
			"Name" : "SongOfStorms",
			"X" : "180",
			"Y" : "146",
			"Size" : "24, 24",
			"Visible" : "true",
			"DragAndDropImageName" : "",
			"ImageCollection" : [
				"song-of-storms-bw_32x32.png",
				"song-of-storms_32x32.png",
			],
		},
		{
			"Name" : "Minuet",
			"X" : "20",
			"Y" : "176",
			"Size" : "24, 24",
			"Visible" : "true",
			"DragAndDropImageName" : "",
			"ImageCollection" : [
				"minuet-bw_32x32.png",
				"minuet_32x32.png",
			],
		},
		{
			"Name" : "Bolero",
			"X" : "52",
			"Y" : "176",
			"Size" : "24, 24",
			"Visible" : "true",
			"DragAndDropImageName" : "",
			"ImageCollection" : [
				"bolero-bw_32x32.png",
				"bolero_32x32.png",
			],
		},
		
		{
			"Name" : "Serenade",
			"X" : "84",
			"Y" : "176",
			"Size" : "24, 24",
			"Visible" : "true",
			"DragAndDropImageName" : "",
			"ImageCollection" : [
				"serenade-bw_32x32.png",
				"serenade_32x32.png",
			],
		},
		{
			"Name" : "Nocturne",
			"X" : "117",
			"Y" : "176",
			"Size" : "24, 24",
			"Visible" : "true",
			"DragAndDropImageName" : "",
			"ImageCollection" : [
				"nocturne-bw_32x32.png",
				"nocturne_32x32.png",
			],
		},
		{
			"Name" : "Requiem",
			"X" : "148",
			"Y" : "176",
			"Size" : "24, 24",
			"Visible" : "true",
			"DragAndDropImageName" : "",
			"ImageCollection" : [
				"requiem-bw_32x32.png",
				"requiem_32x32.png",
			],
		},
		{
			"Name" : "Prelude",
			"X" : "180",
			"Y" : "176",
			"Size" : "24, 24",
			"Visible" : "true",
			"DragAndDropImageName" : "",
			"ImageCollection" : [
				"prelude-bw_32x32.png",
				"prelude_32x32.png",
			],
		},
	],
	"Medallions" : [
		{
			"Name" : "GreenMedallion",
			"X" : "230",
			"Y" : "108",
			"Size" : "32, 32",
			"Visible" : "true",
			"ImageCollection" : [
				"green-medallion-bw_32x32.png",
				"green-medallion_32x32.png",
			],
		},
		{
			"Name": "RedMedallion",
			"X" : "270",
			"Y" : "108",
			"Size" : "32, 32",
			"Visible" : "true",
			"ImageCollection" : [
				"red-medallion-bw_32x32.png",
				"red-medallion_32x32.png",
			],
		},
		{
			"Name" : "BlueMedallion",
			"X" : "310",
			"Y" : "108",
			"Size" : "32, 32",
			"Visible" : "true",
			"ImageCollection" : [
				"blue-medallion-bw_32x32.png",
				"blue-medallion_32x32.png",
			],
		},
		{
			"Name" : "PurpleMedallion",
			"X" : "230",
			"Y" : "148",
			"Size" : "32, 32",
			"Visible" : "true",
			"ImageCollection" : [
				"purple-medallion-bw_32x32.png",
				"purple-medallion_32x32.png",
			],
		},
		{
			"Name" : "OrangeMedallion",
			"X" : "270",
			"Y" : "148",
			"Size" : "32, 32",
			"Visible" : "true",
			"ImageCollection" : [
				"orange-medallion-bw_32x32.png",
				"orange-medallion_32x32.png",
			],
		},
		{
			"Name" : "YellowMedallion",
			"X" : "310",
			"Y" : "148",
			"Size" : "32, 32",
			"Visible" : "true",
			"ImageCollection" : [
				"yellow-medallion-bw_32x32.png",
				"yellow-medallion_32x32.png",
			],
		},
		{
			"Name" : "KokiriStone",
			"X" : "233",
			"Y" : "188",
			"Size" : "24, 24",
			"Visible" : "true",
			"ImageCollection" : [
				"kokiri-stone-bw_32x32.png",
				"kokiri-stone_32x32.png",
			],
		},
		{
			"Name" : "GoronStone",
			"X" : "274",
			"Y" : "188",
			"Size" : "24, 24",
			"Visible" : "true",
			"ImageCollection" : [
				"goron-stone-bw_32x32.png",
				"goron-stone_32x32.png",
			],
		},
		{
			"Name" : "ZoraStone",
			"X" : "314",
			"Y" : "188",
			"Size" : "24, 24",
			"Visible" : "true",
			"ImageCollection" : [
				"zora-stone-bw_32x32.png",
				"zora-stone_32x32.png",
			],
		}
	],
	"GuaranteedHints" : [
		{
			"Name" : "SkulltulasHint_30",
			"X" : "23",
			"Y" : "254",
			"Size" : "24, 24",
			"Visible" : "true",
			"ImageCollection" : [
				"30-gold-skulltula_32x32.png",
			],
		},
		{
			"Name" : "SkulltulasHint_40",
			"X" : "23",
			"Y" : "284",
			"Size" : "24, 24",
			"Visible" : "true",
			"ImageCollection" : [
				"40-gold-skulltula_32x32.png",
			],
		},
		{
			"Name" : "SkulltulasHint_50",
			"X" : "23",
			"Y" : "314",
			"Size" : "24, 24",
			"Visible" : "true",
			"ImageCollection" : [
				"50-gold-skulltula_32x32.png",
			],
		},
		{
			"Name" : "SkullMaskHint",
			"X" : "93",
			"Y" : "254",
			"Size" : "24, 24",
			"Visible" : "true",
			"ImageCollection" : [
				"skull-mask_32x32.png",
			],
		},
		
		{
			"Name" : "BiggoronHint",
			"X" : "93",
			"Y" : "284",
			"Size" : "24, 24",
			"Visible" : "true",
			"ImageCollection" : [
				"biggoron_32x32.png",
			],
		},		
		{
			"Name" : "FrogsHint",
			"X" : "93",
			"Y" : "314",
			"Size" : "24, 24",
			"Visible" : "true",
			"ImageCollection" : [
				"frogs_32x32.png",
			],
		},		
		{
			"Name" : "OcarinaOfTimeHint",
			"X" : "58",
			"Y" : "224",
			"Size" : "24, 24",
			"Visible" : "true",
			"ImageCollection" : [
				"ocarina-of-time_32x32.png",
			],
		},
		
	],
	"GossipStones" : [
		{
			"Name" : "SkulltulasHint_30_GossipStone",
			"X" : "53",
			"Y" : "257",
			"Size" : "24, 24",
			"Visible" : "true",
		},
		{
			"Name" : "SkulltulasHint_40_GossipStone",
			"X" : "53",
			"Y" : "287",
			"Size" : "24, 24",
			"Visible" : "true",
		},
		{
			"Name" : "SkulltulasHint_50_GossipStone",
			"X" : "53",
			"Y" : "317",
			"Size" : "24, 24",
			"Visible" : "true",
		},
		{
			"Name" : "SkullMaskHint_GossipStone",
			"X" : "123",
			"Y" : "257",
			"Size" : "24, 24",
			"Visible" : "true",
		},
		{
			"Name" : "BiggoronHint_GossipStone",
			"X" : "123",
			"Y" : "287",
			"Size" : "24, 24",
			"Visible" : "true",
		},
		{
			"Name" : "FrogsHint_GossipStone",
			"X" : "123",
			"Y" : "317",
			"Size" : "24, 24",
			"Visible" : "true",
		},
		{
			"Name" : "OcarinaOfTimeHint_GossipStone",
			"X" : "88",
			"Y" : "227",
			"Size" : "24, 24",
			"Visible" : "true",
		},
		{
			"Name" : "SometimesHint1_GossipStone",
			"X" : "312",
			"Y" : "223",
			"Size" : "24, 24",
			"Visible" : "true",
			"ImageCollection" : [
				"gossip-stone-bw_32x32.png",
				"sold-out_32x32.png",
				"key_32x32.png",
				"bk_32x32.png",
				"bottle-empty_32x32.png",
				"bottle-big-poe_32x32.png",
			],
		},
		{
			"Name" : "SometimesHint2_GossipStone",
			"X" : "312",
			"Y" : "247",
			"Size" : "24, 24",
			"Visible" : "true",
			"ImageCollection" : [
				"gossip-stone-bw_32x32.png",
				"sold-out_32x32.png",
				"key_32x32.png",
				"bk_32x32.png",
				"bottle-empty_32x32.png",
				"bottle-big-poe_32x32.png",
			],
		},
		{
			"Name" : "SometimesHint3_GossipStone",
			"X" : "312",
			"Y" : "271",
			"Size" : "24, 24",
			"Visible" : "true",
			"ImageCollection" : [
				"gossip-stone-bw_32x32.png",
				"sold-out_32x32.png",
				"key_32x32.png",
				"bk_32x32.png",
				"bottle-empty_32x32.png",
				"bottle-big-poe_32x32.png",
			],
		},
		{
			"Name" : "SometimesHint4_GossipStone",
			"X" : "312",
			"Y" : "295",
			"Size" : "24, 24",
			"Visible" : "true",
			"ImageCollection" : [
				"gossip-stone-bw_32x32.png",
				"sold-out_32x32.png",
				"key_32x32.png",
				"bk_32x32.png",
				"bottle-empty_32x32.png",
				"bottle-big-poe_32x32.png",
			],
		},
		{
			"Name" : "SometimesHint5_GossipStone",
			"X" : "312",
			"Y" : "319",
			"Size" : "24, 24",
			"Visible" : "true",
			"ImageCollection" : [
				"gossip-stone-bw_32x32.png",
				"sold-out_32x32.png",
				"key_32x32.png",
				"bk_32x32.png",
				"bottle-empty_32x32.png",
				"bottle-big-poe_32x32.png",
			],
		},
		
	],
	"Labels" : [
		{
			"Name" : "SphereTracking_Label",
			"Text" : "Spheres",
			"X" : "360",
			"Y" : "8",
			"FontName" : "Calibri",
			"FontSize": "11",
			"FontStyle" : "Bold",
			"Color" : "White",
			"Visible" : "true",
		},
		{
			"Name" : "LocationTracking_label",
			"Text" : "Regions && Locations",
			"X" : "550",
			"Y" : "163",
			"FontName" : "Calibri",
			"FontSize": "11",
			"FontStyle" : "Bold",
			"Color" : "White",
			"Visible" : "true",
		},
	],
	"TextBoxes" : [
		{
			"Name" : "LocationTracking_TextBox",
			"X" : "550",
			"Y" : "190",
			"Visible" : "true",
			"BackColor" : "64,64,64",
			"FontName" : "Calibri",
			"FontSize" : "8",
			"FontStyle" : "Bold",
			"FontColor" : "White",
			"Width" : "128",
			"Height" : "23",
		},
		{
			"X" : "550",
			"Y" : "250",
			"Visible" : "true",
			"BackColor" : "64,64,64",
			"FontName" : "Calibri",
			"FontSize" : "8",
			"FontStyle" : "Bold",
			"FontColor" : "White",
			"Width" : "128",
			"Height" : "23",
		},
		{
			"X" : "550",
			"Y" : "310",
			"Visible" : "true",
			"BackColor" : "64,64,64",
			"FontName" : "Calibri",
			"FontSize" : "8",
			"FontStyle" : "Bold",
			"FontColor" : "White",
			"Width" : "128",
			"Height" : "23",
		},
		{
			"X" : "550",
			"Y" : "370",
			"Visible" : "true",
			"BackColor" : "64,64,64",
			"FontName" : "Calibri",
			"FontSize" : "8",
			"FontStyle" : "Bold",
			"FontColor" : "White",
			"Width" : "128",
			"Height" : "23",
		},
		{
			"X" : "550",
			"Y" : "430",
			"Visible" : "true",
			"BackColor" : "64,64,64",
			"FontName" : "Calibri",
			"FontSize" : "8",
			"FontStyle" : "Bold",
			"FontColor" : "White",
			"Width" : "128",
			"Height" : "23",
		},
		{
			"X" : "550",
			"Y" : "490",
			"Visible" : "true",
			"BackColor" : "64,64,64",
			"FontName" : "Calibri",
			"FontSize" : "8",
			"FontStyle" : "Bold",
			"FontColor" : "White",
			"Width" : "128",
			"Height" : "23",
		},
	],
	"GossipStoneGrids" : [
		{
			"Name" : "SphereTracking_GossipStoneGrid",
			"X" : "360",
			"Y" : "34",
			"Columns" : "14",
			"Rows" : "3",
			"Size" : "24, 24",
			"Spacing" : "0, 13",
			"Visible" : "true",
		},
		{
			"X" : "360",
			"Y" : "145",
			"Columns" : "6",
			"Rows" : "11",
			"Size" : "24, 24",
			"Spacing" : "0, 13",
			"Visible" : "true",
		},
		{
			"Name" : "LocationTracking_GossipStoneGrid",
			"X" : "542",
			"Y" : "215",
			"Columns" : "6",
			"Rows" : "1",
			"Size" : "24, 24",
			"Spacing" : "0, 0",
			"Visible" : "true",
		},
		{
			"X" : "542",
			"Y" : "275",
			"Columns" : "6",
			"Rows" : "1",
			"Size" : "24, 24",
			"Spacing" : "0, 0",
			"Visible" : "true",
		},
		{
			"X" : "542",
			"Y" : "335",
			"Columns" : "6",
			"Rows" : "1",
			"Size" : "24, 24",
			"Spacing" : "0, 0",
			"Visible" : "true",
		},
		{
			"X" : "542",
			"Y" : "395",
			"Columns" : "6",
			"Rows" : "1",
			"Size" : "24, 24",
			"Spacing" : "0, 0",
			"Visible" : "true",
		},
		{
			"X" : "542",
			"Y" : "455",
			"Columns" : "6",
			"Rows" : "1",
			"Size" : "24, 24",
			"Spacing" : "0, 0",
			"Visible" : "true",
		},
		{
			"X" : "542",
			"Y" : "515",
			"Columns" : "6",
			"Rows" : "1",
			"Size" : "24, 24",
			"Spacing" : "0, 0",
			"Visible" : "true",
		},
	],
	
	"GoMode": [
		{
			"Name" : "GoMode",
			"X" : "270",
			"Y" : "500",
			"Size" : "32, 32",
			"Visible" : "true",
			"ImageCollection" : [
				"go-mode-bw_32x32.png",
				"go-mode_32x32.png",
			],
			"BackgroundImage" : "go-mode-background.png",
		}
	],
	"SometimesHints" : [
		{
			"Name" : "SometimesHint1",
			"X" : "175",
			"Y" : "225",
			"Visible" : "true",
			"BackColor" : "64,64,64",
			"FontName" : "Calibri",
			"FontSize" : "8",
			"FontStyle" : "Bold",
			"FontColor" : "White",
			"Width" : "128",
			"Height" : "23",
		},
		{
			"Name" : "SometimesHint2",
			"X" : "175",
			"Y" : "249",
			"Visible" : "true",
			"BackColor" : "64,64,64",
			"FontName" : "Calibri",
			"FontSize" : "8",
			"FontStyle" : "Bold",
			"FontColor" : "White",
			"Width" : "128",
			"Height" : "23",
		},
		{
			"Name" : "SometimesHint3",
			"X" : "175",
			"Y" : "273",
			"Visible" : "true",
			"BackColor" : "64,64,64",
			"FontName" : "Calibri",
			"FontSize" : "8",
			"FontStyle" : "Bold",
			"FontColor" : "White",
			"Width" : "128",
			"Height" : "23",
		},
		{
			"Name" : "SometimesHint4",
			"X" : "175",
			"Y" : "297",
			"Visible" : "true",
			"BackColor" : "64,64,64",
			"FontName" : "Calibri",
			"FontSize" : "8",
			"FontStyle" : "Bold",
			"FontColor" : "White",
			"Width" : "128",
			"Height" : "23",
		},
		{
			"Name" : "SometimesHint5",
			"X" : "175",
			"Y" : "321",
			"Visible" : "true",
			"BackColor" : "64,64,64",
			"FontName" : "Calibri",
			"FontSize" : "8",
			"FontStyle" : "Bold",
			"FontColor" : "White",
			"Width" : "128",
			"Height" : "23",
		},
	],
	"Chronometers" : [
		{
			"Name" : "MainChronometer",
			"X" : "95",
			"Y" : "530",
			"Visible" : "false",
			"FontName" : "Calibri",
			"FontSize" : "36",
			"FontStyle" : "Bold",
			"FontColor" : "White",
		},
	],
	"PanelWoth" : [
		{
			"Name" : "MainPanelWoth",
			"X" : "23",
			"Y" : "350",
			"Visible" : "true",
			"BackColor" : "64, 64, 64",
			"Width" : "315",
			"Height" : "120",
			"NbMaxRows" : "5",
			"IsScrollable" : "false",
			
			"TextBoxName" : "TextBox_MainPanelWoth",
			"TextBoxBackColor" : "74, 138, 182",
			"TextBoxFontName" : "Calibri",
			"TextBoxFontSize" : "11",
			"TextBoxFontStyle" : "Bold",
			"TextBoxHeight" : "26",
			"TextBoxText" : ":: Way of the Hero ::",
			
			"LabelColor": "White",
			"LabelBackColor" : "CadetBlue",
			"LabelFontName" : "Calibri",
			"LabelFontSize" : "11",
			"LabelFontStyle" : "Bold",
			"LabelHeight" : "24",
			
			"GossipStoneSize" : "24, 24",
		},
	],
	"PanelBarren" : [
		{
			"Name" : "MainPanelBarren",
			"X" : "23",
			"Y" : "480",
			"Visible" : "true",
			"BackColor" : "64, 64, 64",
			"Width" : "200",
			"Height" : "72",
			"NbMaxRows" : "3",
			"IsScrollable" : "false",
			
			"TextBoxName" : "TextBox_MainPanelWoth",
			"TextBoxBackColor" : "198, 68, 92",
			"TextBoxFontName" : "Calibri",
			"TextBoxFontSize" : "11",
			"TextBoxFontStyle" : "Bold",
			"TextBoxWidth" : "222",
			"TextBoxHeight" : "24",
			"TextBoxText" : ":: Barren ::",
			
			"LabelColor": "White",
			"LabelBackColor" : "IndianRed",
			"LabelFontName" : "Calibri",
			"LabelFontSize" : "11",
			"LabelFontStyle" : "Bold",
			"LabelWidth" : "222",
			"LabelHeight" : "24",
		},
	],
}