{	
	"AppSize" : {
		"Width": "375",
		"Height": "730",
		"BackgroundColor": "23, 23, 21",
		"DefaultSongMarkerImages" : [
			"no-song_16x16.png",
			"check-song_16x16.png",
		],
		"DefaultGossipStoneImages" : [
			"gossip-stone-bw_32x32.png",
			"sold-out_32x32.png",
			"bottle-empty_32x32.png",
			"bottle-big-poe_32x32.png",
		],
		"WothColors" : [
			"White",
			"Yellow",
			"DarkOrange",
			"Red",
			"Black",
		],
		"DefaultWothColorIndex" : "0",
		"DefaultDungeonNames" : {    
			"TextCollection" : [
				"SPIRIT",
				"SHADOW",
                "WATER",
                "FIRE",
                "FOREST",
                "FREE",
                "DEKU",
                "DCVN",
                "JABU",
			],
			"DefaultValue" : "5",
			"Wraparound" : "true",
			"FontName" : "Consolas",
			"FontSize": "8",
			"FontStyle" : "Bold",
		},
	},
    "Medallions" : [
		{
			"Name" : "GreenMedallion",
			"X" : "5",
			"Y" : "3",
			"Size" : "30, 30",
			"Visible" : "true",
			"ImageCollection" : [
				"green-medallion-bw_32x32.png",
				"green-medallion_32x32.png",
			],
		},
		{
			"Name": "RedMedallion",
			"X" : "45",
			"Y" : "3",
			"Size" : "30, 30",
			"Visible" : "true",
			"ImageCollection" : [
				"red-medallion-bw_32x32.png",
				"red-medallion_32x32.png",
			],
		},
		{
			"Name" : "BlueMedallion",
			"X" : "85",
			"Y" : "3",
			"Size" : "30, 30",
			"Visible" : "true",
			"ImageCollection" : [
				"blue-medallion-bw_32x32.png",
				"blue-medallion_32x32.png",
			],
		},
		{
			"Name" : "PurpleMedallion",
			"X" : "125",
			"Y" : "3",
			"Size" : "30, 30",
			"Visible" : "true",
			"ImageCollection" : [
				"purple-medallion-bw_32x32.png",
				"purple-medallion_32x32.png",
			],
		},
		{
			"Name" : "OrangeMedallion",
			"X" : "165",
			"Y" : "3",
			"Size" : "30, 30",
			"Visible" : "true",
			"ImageCollection" : [
				"orange-medallion-bw_32x32.png",
				"orange-medallion_32x32.png",
			],
		},
		{
			"Name" : "YellowMedallion",
			"X" : "200",
			"Y" : "3",
			"Size" : "30, 30",
			"Visible" : "true",
			"ImageCollection" : [
				"yellow-medallion-bw_32x32.png",
				"yellow-medallion_32x32.png",
			],
		},
		{
			"Name" : "KokiriStone",
			"X" : "245",
			"Y" : "3",
			"Size" : "30, 30",
			"Visible" : "true",
			"ImageCollection" : [
				"kokiri-stone-bw_32x32.png",
				"kokiri-stone_32x32.png",
			],
		},
		{
			"Name" : "GoronStone",
			"X" : "285",
			"Y" : "3",
			"Size" : "30, 30",
			"Visible" : "true",
			"ImageCollection" : [
				"goron-stone-bw_32x32.png",
				"goron-stone_32x32.png",
			],
		},
		{
			"Name" : "ZoraStone",
			"X" : "325",
			"Y" : "3",
			"Size" : "30, 30",
			"Visible" : "true",
			"ImageCollection" : [
				"zora-stone-bw_32x32.png",
				"zora-stone_32x32.png",
			],
		}
	],
    "Songs" : [
		{
			"Name" : "ZeldasLullaby",
			"X" : "10",
			"Y" : "40",
			"Size" : "24, 24",
			"Visible" : "true",
			"DragAndDropImageName" : "",
			"ImageCollection" : [
				"zeldas-lullaby-bw_32x32.png",
				"zeldas-lullaby_32x32.png",
			],
		},
		{
			"Name" : "EponasSong",
			"X" : "40",
			"Y" : "40",
			"Size" : "24, 24",
			"Visible" : "true",
			"DragAndDropImageName" : "",
			"ImageCollection" : [
				"epona-bw_32x32.png",
				"epona_32x32.png",
			],
		},
		{
			"Name" : "SariasSong",
			"X" : "70",
			"Y" : "40",
			"Size" : "24, 24",
			"Visible" : "true",
			"DragAndDropImageName" : "",
			"ImageCollection" : [
				"saria-bw_32x32.png",
				"saria_32x32.png",
			],
		},
		{
			"Name" : "SunsSong",
			"X" : "100",
			"Y" : "40",
			"Size" : "24, 24",
			"Visible" : "true",
			"DragAndDropImageName" : "",
			"ImageCollection" : [
				"suns-song-bw_32x32.png",
				"suns-song_32x32.png",
			],
		},
		{
			"Name" : "SongOfTime",
			"X" : "130",
			"Y" : "40",
			"Size" : "24, 24",
			"Visible" : "true",
			"DragAndDropImageName" : "",
			"ImageCollection" : [
				"song-of-time-bw_32x32.png",
				"song-of-time_32x32.png",
			],
		},
		{
			"Name" : "SongOfStorms",
			"X" : "160",
			"Y" : "40",
			"Size" : "24, 24",
			"Visible" : "true",
			"DragAndDropImageName" : "",
			"ImageCollection" : [
				"song-of-storms-bw_32x32.png",
				"song-of-storms_32x32.png",
			],
		},
		{
			"Name" : "Minuet",
			"X" : "10",
			"Y" : "77",
			"Size" : "24, 24",
			"Visible" : "true",
			"DragAndDropImageName" : "",
			"ImageCollection" : [
				"minuet-bw_32x32.png",
				"minuet_32x32.png",
			],
		},
		{
			"Name" : "Bolero",
			"X" : "40",
			"Y" : "77",
			"Size" : "24, 24",
			"Visible" : "true",
			"DragAndDropImageName" : "",
			"ImageCollection" : [
				"bolero-bw_32x32.png",
				"bolero_32x32.png",
			],
		},
		
		{
			"Name" : "Serenade",
			"X" : "70",
			"Y" : "77",
			"Size" : "24, 24",
			"Visible" : "true",
			"DragAndDropImageName" : "",
			"ImageCollection" : [
				"serenade-bw_32x32.png",
				"serenade_32x32.png",
			],
		},
		{
			"Name" : "Nocturne",
			"X" : "100",
			"Y" : "77",
			"Size" : "24, 24",
			"Visible" : "true",
			"DragAndDropImageName" : "",
			"ImageCollection" : [
				"nocturne-bw_32x32.png",
				"nocturne_32x32.png",
			],
		},
		{
			"Name" : "Requiem",
			"X" : "130",
			"Y" : "77",
			"Size" : "24, 24",
			"Visible" : "true",
			"DragAndDropImageName" : "",
			"ImageCollection" : [
				"requiem-bw_32x32.png",
				"requiem_32x32.png",
			],
		},
		{
			"Name" : "Prelude",
			"X" : "160",
			"Y" : "77",
			"Size" : "24, 24",
			"Visible" : "true",
			"DragAndDropImageName" : "",
			"ImageCollection" : [
				"prelude-bw_32x32.png",
				"prelude_32x32.png",
			],
		},
    ],
    "Items" :[
        {
            "Name" : "Sticks",
			"X" : "200",
			"Y" : "48",
			"Visible" : "true",
			"Size" : "32, 32",
			"ImageCollection" : [
                "stick-10_32x32.png",
                "stick-20_32x32.png",
                "stick-30_32x32.png",
			],
        },
        {
            "Name" : "Nuts",
			"X" : "230",
			"Y" : "48",
			"Visible" : "true",
			"Size" : "32, 32",
			"ImageCollection" : [
				"nut-20_32x32.png",
				"nut-30_32x32.png",
				"nut-40_32x32.png",
			],  
        },
        {
            "Name" : "Explosives",
            "X" : "263",
            "Y" : "48",
            "Visible": "true",
            "Size": "32, 32",
            "ImageCollection" : [
                "bombs-bw_32x32.png",
                "bombs-20_32x32.png",
                "bombs-30_32x32.png",
                "bombs-40_32x32.png",
            ],
        },
        {
			"Name" : "Bow",
			"X" : "295",
			"Y" : "48",
			"Visible" : "true",
			"Size" : "32, 32",
			"ImageCollection" : [
				"bow-bw_32x32.png",
				"bow-30_32x32.png",
				"bow-40_32x32.png",
				"bow-50_32x32.png",
			],
		},
        {
           	"Name" : "Fire Arrows",
			"X" : "330",
			"Y" : "48",
			"Visible" : "true",
			"Size" : "32, 32",
			"ImageCollection" : [
				"fire-arrows-bw_32x32.png",
				"fire-arrows_32x32.png",
			], 
        },
        {
			"Name" : "Slingshot",
			"X" : "200",
			"Y" : "80",
			"Visible" : "true",
			"Size" : "32, 32",
			"ImageCollection" : [
				"slingshot-bw_32x32.png",
				"slingshot-30_32x32.png",
				"slingshot-40_32x32.png",
				"slingshot-50_32x32.png",
			],
		},
        {
            "Name" : "Ocarina",
			"X" : "230",
			"Y" : "80",
			"Visible" : "true",
			"Size" : "32, 32",
			"ImageCollection" : [
				"ocarina-bw_32x32.png",
				"ocarina_32x32.png",
				"ocarina-of-time_32x32.png",
			],
        },
        {
            "Name" : "Hookshot",
			"X" : "260",
			"Y" : "80",
			"Visible" : "true",
			"Size" : "32, 32",
			"ImageCollection" : [
				"hookshot-bw_32x32.png",
				"hookshot_32x32.png",
				"longshot_32x32.png",
			],
        },
        {
            "Name" : "Hammer",
			"X" : "293",
			"Y" : "80",
			"Visible" : "true",
			"Size" : "30, 30",
			"ImageCollection" : [
				"hammer-bw_32x32.png",
				"hammer_32x32.png",
			],
        },
        {
            "Name" : "Light Arrows",
			"X" : "330",
			"Y" : "80",
			"Visible" : "true",
			"Size" : "32, 32",
			"ImageCollection" : [
				"light-arrows-bw_32x32.png",
				"light-arrows_32x32.png",
			],
        },
        {
            "Name" : "Boomrang",
			"X" : "200",
			"Y" : "114",
			"Visible" : "true",
			"Size" : "30, 30",
			"ImageCollection" : [
				"boomerang-bw_32x32.png",
				"boomerang_32x32.png",
			],
        },
        {
            "Name" : "Lens",
			"X" : "230",
			"Y" : "114",
			"Visible" : "true",
			"Size" : "30, 30",
			"ImageCollection" : [
				"lens-bw_32x32.png",
				"lens_32x32.png",
			],
        },
        {
            "Name" : "Bean",
			"X" : "260",
			"Y" : "114",
			"Visible" : "true",
			"Size" : "30, 30",
			"ImageCollection" : [
				"beans-bw_32x32.png",
				"beans_32x32.png",
			],
        },
        {
            "Name" : "Kokiri Sword",
			"X" : "290",
			"Y" : "108",
			"Visible" : "true",
			"Size" : "40, 40",
			"ImageCollection" : [
				"kokiri-sword-bw_32x32.png",
				"kokiri-sword_32x32.png",
			],
        },
        {
            "Name" : "Dins",
			"X" : "325",
			"Y" : "114",
			"Visible" : "true",
			"Size" : "32, 32",
			"ImageCollection" : [
				"dins-fire-bw_32x32.png",
				"dins-fire_32x32.png",
			],
        },
        {
            "Name" : "Farores",
			"X" : "325",
			"Y" : "114",
			"Visible" : "true",
			"Size" : "32, 32",
			"ImageCollection" : [
				"farores-wind-bw_32x32.png",
				"farores-wind_32x32.png",
			],
        },
        {
            "Name" : "Goron Tunic",
			"X" : "200",
			"Y" : "147",
			"Visible" : "true",
			"Size" : "30, 30",
			"ImageCollection" : [
				"goron-tunic-bw_32x32.png",
				"goron-tunic_32x32.png",
			],
        },
        {
            "Name" : "Zora Tunic",
			"X" : "230",
			"Y" : "145",
			"Visible" : "true",
			"Size" : "30, 30",
			"ImageCollection" : [
				"zora-tunic-bw_32x32.png",
				"zora-tunic_32x32.png",
			], 
        },
        {
            "Name" : "Iron Boots",
			"X" : "260",
			"Y" : "145",
			"Visible" : "true",
			"Size" : "30, 30",
			"ImageCollection" : [
				"iron-boots-bw_32x32.png",
				"iron-boots_32x32.png",
			], 
        },
        {
            "Name" : "Hover Boots",
			"X" : "290",
			"Y" : "147",
			"Visible" : "true",
			"Size" : "30, 30",
			"ImageCollection" : [
				"hover-boots-bw_32x32.png",
				"hover-boots_32x32.png",
			], 
        },
        {
            "Name" : "Farores",
			"X" : "325",
			"Y" : "147",
			"Visible" : "true",
			"Size" : "32, 32",
			"ImageCollection" : [
				"farores-wind-bw_32x32.png",
				"farores-wind_32x32.png",
			],
        },
        {
            "Name" : "Strength",
			"X" : "200",
			"Y" : "178",
			"Visible" : "true",
			"Size" : "30, 30",
			"ImageCollection" : [
				"strength-bw_32x32.png",
				"strength_32x32.png",
				"strength2_32x32.png",
				"strength3_32x32.png",
			],
        },
        {
            "Name" : "Scales",
			"X" : "232",
			"Y" : "178",
			"Visible" : "true",
			"Size" : "30, 30",
			"ImageCollection" : [
				"scale-bw_32x32.png",
				"scale_32x32.png",
				"golden-scale_32x32.png",
			], 
        },
        {
            "Name" : "Biggoron Sword",
			"X" : "290",
			"Y" : "178",
			"Visible" : "true",
			"Size" : "30, 30",
			"ImageCollection" : [
				"biggoron-sword-bw_32x32.png",
				"biggoron-sword_32x32.png",
			], 
        },
        {
            "Name" : "Mirror Shield",
			"X" : "262",
			"Y" : "178",
			"Visible" : "true",
			"Size" : "30, 30",
			"ImageCollection" : [
				"mirror-shield-bw_32x32.png",
				"mirror-shield_32x32.png",
			], 
        },  
        {
            "Name" : "Magic",
			"X" : "325",
			"Y" : "178",
			"Visible" : "true",
			"Size" : "28, 28",
			"ImageCollection" : [
				"magic-bw_32x32.png",
				"magic_32x32.png",
				"double-magic_32x32.png",
			], 
        },
        {
            "Name" : "Wallets",
			"X" : "200",
			"Y" : "208",
			"Visible" : "true",
			"Size" : "30, 30",
			"ImageCollection" : [
				"wallet.png",
				"wallet1.png",
				"wallet2.png",
				"wallet3.png",
			], 
        },
        {
            "Name" : "Ruto's Letter",
			"X" : "232",
			"Y" : "208",
			"Visible" : "true",
			"Size" : "30, 30",
			"ImageCollection" : [
				"bottle-rutos-letter-bw_32x32.png",
				"bottle-rutos-letter_32x32.png",
			], 
        },
        {
            "Name" : "Child Trade",
			"X" : "292",
			"Y" : "210",
			"Visible" : "true",
			"Size" : "30, 30",
			"ImageCollection" : [
				"zeldas-letter_32x32.png",
				"keaton-mask_32x32.png",
				"skull-mask_32x32.png",
				"spooky-mask_32x32.png",
				"bunny-hood_32x32.png",
				"mask-of-truth_32x32.png",
			], 
        },
        {
            "Name" : "Adult Trade",
			"X" : "320",
			"Y" : "210",
			"Visible" : "true",
			"Size" : "30, 30",
			"ImageCollection" : [
				"prescription-bw_32x32.png",
				"prescription_32x32.png",
				"kz-frog_32x32.png",
				"eye-drops_32x32.png",
				"claim-check_32x32.png",
			], 
        },
        {
			"Name" : "CollectedTriforces",
			"X" : "297",
			"Y" : "357",
			"Size" : "23, 23",
			"Visible" : "true",
			"ImageCollection" : [
				"triforce_piece.png",
			],	
		},
        {
            "Name" : "BossWoth1",
			"X" : "240",
			"Y" : "390",
			"Visible" : "true",
			"Size" : "108, 54",
			"ImageCollection" : [
                "bosses_HD/Ganon-bw_400x200.png",
                "bosses_HD/Gohma_400x200.png",
                "bosses_HD/KingDodongo_400x200.png",
                "bosses_HD/Barinade_400x200.png",
                "bosses_HD/PhantomGanon_400x200.png",
                "bosses_HD/Volvagia_400x200.png",
                "bosses_HD/Morpha_400x200.png",
                "bosses_HD/BongoBongo_400x200.png",
                "bosses_HD/Twinrova_400x200.png",
			],
        },
        {
            "Name" : "BossWoth2",
			"X" : "240",
			"Y" : "450",
			"Visible" : "true",
			"Size" : "108, 54",
			"ImageCollection" : [
                "bosses_HD/Ganon-bw_400x200.png",
                "bosses_HD/Gohma_400x200.png",
                "bosses_HD/KingDodongo_400x200.png",
                "bosses_HD/Barinade_400x200.png",
                "bosses_HD/PhantomGanon_400x200.png",
                "bosses_HD/Volvagia_400x200.png",
                "bosses_HD/Morpha_400x200.png",
                "bosses_HD/BongoBongo_400x200.png",
                "bosses_HD/Twinrova_400x200.png",
			],
        },
        {
            "Name" : "BossWoth3",
			"X" : "240",
			"Y" : "510",
			"Visible" : "true",
			"Size" : "108, 54",
			"ImageCollection" : [
                "bosses_HD/Ganon-bw_400x200.png",
                "bosses_HD/Gohma_400x200.png",
                "bosses_HD/KingDodongo_400x200.png",
                "bosses_HD/Barinade_400x200.png",
                "bosses_HD/PhantomGanon_400x200.png",
                "bosses_HD/Volvagia_400x200.png",
                "bosses_HD/Morpha_400x200.png",
                "bosses_HD/BongoBongo_400x200.png",
                "bosses_HD/Twinrova_400x200.png",
			],
        },
        {
            "Name" : "BossWoth4",
			"X" : "240",
			"Y" : "570",
			"Visible" : "true",
			"Size" : "108, 54",
			"ImageCollection" : [
                "bosses_HD/Ganon-bw_400x200.png",
                "bosses_HD/Gohma_400x200.png",
                "bosses_HD/KingDodongo_400x200.png",
                "bosses_HD/Barinade_400x200.png",
                "bosses_HD/PhantomGanon_400x200.png",
                "bosses_HD/Volvagia_400x200.png",
                "bosses_HD/Morpha_400x200.png",
                "bosses_HD/BongoBongo_400x200.png",
                "bosses_HD/Twinrova_400x200.png",
			],
        },
        {
            "Name" : "BossWoth5",
			"X" : "240",
			"Y" : "630",
			"Visible" : "true",
			"Size" : "108, 54",
			"ImageCollection" : [
                "bosses_HD/Ganon-bw_400x200.png",
                "bosses_HD/Gohma_400x200.png",
                "bosses_HD/KingDodongo_400x200.png",
                "bosses_HD/Barinade_400x200.png",
                "bosses_HD/PhantomGanon_400x200.png",
                "bosses_HD/Volvagia_400x200.png",
                "bosses_HD/Morpha_400x200.png",
                "bosses_HD/BongoBongo_400x200.png",
                "bosses_HD/Twinrova_400x200.png",
			],
        },
    ],
    "CollectedItems" : [
        {
			"Name" : "Bottles",
			"X" : "260",
			"Y" : "208",
			"Size" : "30, 30",
			"CountPosition" : "10, 7",
			"CountMax" : "4",
			"Visible" : "true",
			"ImageCollection" : [
				"bottle-empty_32x32.png",
			],
			
			"LabelFontName" : "sans-serif",
			"LabelFontSize" : "11",
			"LabelFontStyle" : "Bold",
			"LabelColor" : "White",
        },
        {
			"Name" : "CollectedSkulls",
			"X" : "255",
			"Y" : "355",
            "CountPosition" : "0, -5",
			"Size" : "24, 24",
			"Step" : "1",
            "CountMax" : "100",
			"Visible" : "true",
			"ImageCollection" : [
				"collected-skulltulas_32x32.png",
			],
			
			"LabelFontName" : "sans-serif",
			"LabelFontSize" : "12",
			"LabelFontStyle" : "Bold",
			"LabelColor" : "White",
		},
        {
			"Name" : "CollectedTriforces",
			"X" : "320",
			"Y" : "362",
            "CountPosition" : "0, -5",
			"Size" : "24, 24",
			"Step" : "1",
            "CountMax" : "100",
			"Visible" : "true",
			"ImageCollection" : [
			],
			
			"LabelFontName" : "sans-serif",
			"LabelFontSize" : "12",
			"LabelFontStyle" : "Bold",
			"LabelColor" : "White",
		},
    ],
	"GossipStones" : [
		{
			"Name" : "SkulltulasHint_30_GossipStone",
			"X" : "272",
			"Y" : "253",
			"Size" : "22, 22",
			"Visible" : "true",
		},
		{
			"Name" : "SkulltulasHint_40_GossipStone",
			"X" : "272",
			"Y" : "278",
			"Size" : "22, 22",
			"Visible" : "true",
		},
		{
			"Name" : "SkulltulasHint_50_GossipStone",
			"X" : "272",
			"Y" : "304",
			"Size" : "22, 22",
			"Visible" : "true",
		},
		{
			"Name" : "BiggoronHint_GossipStone",
			"X" : "272",
			"Y" : "329",
			"Size" : "22, 22",
			"Visible" : "true",
		},
		{
			"Name" : "OcarinaOfTimeHint_GossipStone",
			"X" : "325",
			"Y" : "253",
			"Size" : "22, 22",
			"Visible" : "true",
		},
		{
			"Name" : "SkullMaskHint_GossipStone",
			"X" : "325",
			"Y" : "278",
			"Size" : "22, 22",
			"Visible" : "true",
		},
        {
			"Name" : "MaskOfTruthHint_GossipStone",
			"X" : "325",
			"Y" : "304",
			"Size" : "22, 22",
			"Visible" : "true",
		},
		{
			"Name" : "FrogsHint_GossipStone",
			"X" : "325",
			"Y" : "329",
			"Size" : "22, 22",
			"Visible" : "true",
		},
		{
			"Name" : "SometimesHint1_GossipStone",
			"X" : "140",
			"Y" : "125",
			"Size" : "22, 22",
			"Visible" : "true",
			"ImageCollection" : [
				"gossip-stone-bw_32x32.png",
				"sold-out_32x32.png",
				"key_32x32.png",
				"bk_32x32.png",
				"bottle-empty_32x32.png",
				"bottle-big-poe_32x32.png",
			],
		},
		{
			"Name" : "SometimesHint2_GossipStone",
			"X" : "140",
			"Y" : "148",
			"Size" : "22, 22",
			"Visible" : "true",
			"ImageCollection" : [
				"gossip-stone-bw_32x32.png",
				"sold-out_32x32.png",
				"key_32x32.png",
				"bk_32x32.png",
				"bottle-empty_32x32.png",
				"bottle-big-poe_32x32.png",
			],
		},
		{
			"Name" : "SometimesHint3_GossipStone",
			"X" : "140",
			"Y" : "171",
			"Size" : "22, 22",
			"Visible" : "true",
			"ImageCollection" : [
				"gossip-stone-bw_32x32.png",
				"sold-out_32x32.png",
				"key_32x32.png",
				"bk_32x32.png",
				"bottle-empty_32x32.png",
				"bottle-big-poe_32x32.png",
			],
		},
		{
			"Name" : "SometimesHint4_GossipStone",
			"X" : "140",
			"Y" : "194",
			"Size" : "22, 22",
			"Visible" : "true",
			"ImageCollection" : [
				"gossip-stone-bw_32x32.png",
				"sold-out_32x32.png",
				"key_32x32.png",
				"bk_32x32.png",
				"bottle-empty_32x32.png",
				"bottle-big-poe_32x32.png",
			],
		},
		{
			"Name" : "SometimesHint5_GossipStone",
			"X" : "140",
			"Y" : "217",
			"Size" : "22, 22",
			"Visible" : "true",
			"ImageCollection" : [
				"gossip-stone-bw_32x32.png",
				"sold-out_32x32.png",
				"key_32x32.png",
				"bk_32x32.png",
				"bottle-empty_32x32.png",
				"bottle-big-poe_32x32.png",
			],
		},
        {
			"Name" : "WOTH1_GossipStone1",
			"X" : "10",
			"Y" : "416",
			"Size" : "22, 22",
			"Visible" : "true",
		},
        {
			"Name" : "WOTH1_GossipStone2",
			"X" : "32",
			"Y" : "416",
			"Size" : "22, 22",
			"Visible" : "true",
		},        
        {
			"Name" : "WOTH1_GossipStone3",
			"X" : "54",
			"Y" : "416",
			"Size" : "22, 22",
			"Visible" : "true",
		},
        {
			"Name" : "WOTH1_GossipStone4",
			"X" : "76",
			"Y" : "416",
			"Size" : "22, 22",
			"Visible" : "true",
		},	
        {
			"Name" : "WOTH1_GossipStone5",
			"X" : "98",
			"Y" : "416",
			"Size" : "22, 22",
			"Visible" : "true",
		},
        {
			"Name" : "WOTH2_GossipStone1",
			"X" : "10",
			"Y" : "476",
			"Size" : "22, 22",
			"Visible" : "true",
		},
        {
			"Name" : "WOTH2_GossipStone2",
			"X" : "32",
			"Y" : "476",
			"Size" : "22, 22",
			"Visible" : "true",
		},        
        {
			"Name" : "WOTH2_GossipStone3",
			"X" : "54",
			"Y" : "476",
			"Size" : "22, 22",
			"Visible" : "true",
		},
        {
			"Name" : "WOTH2_GossipStone4",
			"X" : "76",
			"Y" : "476",
			"Size" : "22, 22",
			"Visible" : "true",
		},	
        {
			"Name" : "WOTH2_GossipStone5",
			"X" : "98",
			"Y" : "476",
			"Size" : "22, 22",
			"Visible" : "true",
		},
        {
			"Name" : "WOTH3_GossipStone1",
			"X" : "10",
			"Y" : "536",
			"Size" : "22, 22",
			"Visible" : "true",
		},
        {
			"Name" : "WOTH3_GossipStone2",
			"X" : "32",
			"Y" : "536",
			"Size" : "22, 22",
			"Visible" : "true",
		},        
        {
			"Name" : "WOTH3_GossipStone3",
			"X" : "54",
			"Y" : "536",
			"Size" : "22, 22",
			"Visible" : "true",
		},
        {
			"Name" : "WOTH3_GossipStone4",
			"X" : "76",
			"Y" : "536",
			"Size" : "22, 22",
			"Visible" : "true",
		},	
        {
			"Name" : "WOTH3_GossipStone5",
			"X" : "98",
			"Y" : "536",
			"Size" : "22, 22",
			"Visible" : "true",
		},
        {
			"Name" : "WOTH4_GossipStone1",
			"X" : "10",
			"Y" : "596",
			"Size" : "22, 22",
			"Visible" : "true",
		},
        {
			"Name" : "WOTH4_GossipStone2",
			"X" : "32",
			"Y" : "596",
			"Size" : "22, 22",
			"Visible" : "true",
		},        
        {
			"Name" : "WOTH4_GossipStone3",
			"X" : "54",
			"Y" : "596",
			"Size" : "22, 22",
			"Visible" : "true",
		},
        {
			"Name" : "WOTH4_GossipStone4",
			"X" : "76",
			"Y" : "596",
			"Size" : "22, 22",
			"Visible" : "true",
		},	
        {
			"Name" : "WOTH4_GossipStone5",
			"X" : "98",
			"Y" : "596",
			"Size" : "22, 22",
			"Visible" : "true",
		},
        {
			"Name" : "WOTH5_GossipStone1",
			"X" : "10",
			"Y" : "656",
			"Size" : "22, 22",
			"Visible" : "true",
		},
        {
			"Name" : "WOTH5_GossipStone2",
			"X" : "32",
			"Y" : "656",
			"Size" : "22, 22",
			"Visible" : "true",
		},        
        {
			"Name" : "WOTH5_GossipStone3",
			"X" : "54",
			"Y" : "656",
			"Size" : "22, 22",
			"Visible" : "true",
		},
        {
			"Name" : "WOTH5_GossipStone4",
			"X" : "76",
			"Y" : "656",
			"Size" : "22, 22",
			"Visible" : "true",
		},	
        {
			"Name" : "WOTH5_GossipStone5",
			"X" : "98",
			"Y" : "656",
			"Size" : "22, 22",
			"Visible" : "true",
		},
	],
    "GuaranteedHints" : [
        {
            "Name" : "Young Link",
			"X" : "10",
			"Y" : "250",
			"Size" : "24, 24",
			"Visible" : "true",
			"DragAndDropImageName" : "",
			"ImageCollection" : [
				"Other/young-link_32x32.png",
			],
        },
        {
            "Name" : "Adult Link",
			"X" : "10",
			"Y" : "275",
			"Size" : "24, 24",
			"Visible" : "true",
			"DragAndDropImageName" : "",
			"ImageCollection" : [
				"Other/adult-link_32x32.png",
			],
        },
        {
            "Name" : "Barren Location 1",
			"X" : "10",
			"Y" : "308",
			"Size" : "24, 24",
			"Visible" : "true",
			"DragAndDropImageName" : "",
			"ImageCollection" : [
				"sold-out_32x32.png",
			],
        },
        {
            "Name" : "Barren Location 2",
			"X" : "10",
			"Y" : "332",
			"Size" : "24, 24",
			"Visible" : "true",
			"DragAndDropImageName" : "",
			"ImageCollection" : [
				"sold-out_32x32.png",
			],
        },
        {
            "Name" : "Barren Location 3",
			"X" : "10",
			"Y" : "356",
			"Size" : "24, 24",
			"Visible" : "true",
			"DragAndDropImageName" : "",
			"ImageCollection" : [
				"sold-out_32x32.png",
			],
        },
		{
			"Name" : "SkulltulasHint_30",
			"X" : "245",
			"Y" : "250",
			"Size" : "24, 24",
			"Visible" : "true",
			"ImageCollection" : [
				"30-gold-skulltula_32x32.png",
			],
		},
		{
			"Name" : "SkulltulasHint_40",
			"X" : "245",
			"Y" : "275",
			"Size" : "24, 24",
			"Visible" : "true",
			"ImageCollection" : [
				"40-gold-skulltula_32x32.png",
			],
		},
		{
			"Name" : "SkulltulasHint_50",
			"X" : "245",
			"Y" : "300",
			"Size" : "24, 24",
			"Visible" : "true",
			"ImageCollection" : [
				"50-gold-skulltula_32x32.png",
			],
		},
        {
			"Name" : "BiggoronHint",
			"X" : "245",
			"Y" : "325",
			"Size" : "24, 24",
			"Visible" : "true",
			"ImageCollection" : [
				"biggoron_32x32.png",
			],
		},	
        {
			"Name" : "OcarinaOfTimeHint",
			"X" : "300",
			"Y" : "250",
			"Size" : "24, 24",
			"Visible" : "true",
			"ImageCollection" : [
				"ocarina-of-time_32x32.png",
			],
		},
		{
			"Name" : "SkullMaskHint",
			"X" : "300",
			"Y" : "275",
			"Size" : "24, 24",
			"Visible" : "true",
			"ImageCollection" : [
				"skull-mask_32x32.png",
			],
		},
        {
			"Name" : "MaskOfTruthHint",
			"X" : "300",
			"Y" : "300",
			"Size" : "24, 24",
			"Visible" : "true",
			"ImageCollection" : [
				"mask-of-truth_32x32.png",
			],
		},	
		{
			"Name" : "FrogsHint",
			"X" : "300",
			"Y" : "327",
			"Size" : "24, 24",
			"Visible" : "true",
			"ImageCollection" : [
				"frogs_32x32.png",
			],
		},		
	],
	"SometimesHints" : [
		{
			"Name" : "SometimesHint1",
			"X" : "10",
			"Y" : "125",
			"Visible" : "true",
			"BackColor" : "64,64,64",
			"FontName" : "Calibri",
			"FontSize" : "8",
			"FontStyle" : "Bold",
			"FontColor" : "White",
			"Width" : "128",
			"Height" : "23",
		},
		{
			"Name" : "SometimesHint2",
			"X" : "10",
			"Y" : "148",
			"Visible" : "true",
			"BackColor" : "64,64,64",
			"FontName" : "Calibri",
			"FontSize" : "8",
			"FontStyle" : "Bold",
			"FontColor" : "White",
			"Width" : "128",
			"Height" : "23",
		},
		{
			"Name" : "SometimesHint3",
			"X" : "10",
			"Y" : "171",
			"Visible" : "true",
			"BackColor" : "64,64,64",
			"FontName" : "Calibri",
			"FontSize" : "8",
			"FontStyle" : "Bold",
			"FontColor" : "White",
			"Width" : "128",
			"Height" : "23",
		},
		{
			"Name" : "SometimesHint4",
			"X" : "10",
			"Y" : "194",
			"Visible" : "true",
			"BackColor" : "64,64,64",
			"FontName" : "Calibri",
			"FontSize" : "8",
			"FontStyle" : "Bold",
			"FontColor" : "White",
			"Width" : "128",
			"Height" : "23",
		},
		{
			"Name" : "SometimesHint5",
			"X" : "10",
			"Y" : "217",
			"Visible" : "true",
			"BackColor" : "64,64,64",
			"FontName" : "Calibri",
			"FontSize" : "8",
			"FontStyle" : "Bold",
			"FontColor" : "White",
			"Width" : "128",
			"Height" : "23",
		},
	],
    "PanelBarren" : [
        {
            "Name" : "MainPanelChildSpawn",
			"X" : "40",
			"Y" : "250",
			"Visible" : "true",
			"BackColor" : "64, 64, 64",
			"Width" : "195",
			"Height" : "22",
			"NbMaxRows" : "2",
			"IsScrollable" : "false",
			
			"TextBoxName" : "TextBox_MainPanelWoth",
			"TextBoxBackColor" : "106, 163, 86",
			"TextBoxFontName" : "Calibri",
			"TextBoxFontSize" : "11",
			"TextBoxFontStyle" : "Bold",
			"TextBoxHeight" : "22",
            "TextBoxWidth" : "200",
			"TextBoxText" : "",
			
			"LabelColor": "White",
			"LabelBackColor" : "106, 163, 86",
			"LabelFontName" : "Calibri",
			"LabelFontSize" : "11",
			"LabelFontStyle" : "Bold",
            "LabelWidth" : "200",
			"LabelHeight" : "22",
        },
        {
            "Name" : "MainPanelAdultSpawn",
			"X" : "40",
			"Y" : "275",
			"Visible" : "true",
			"BackColor" : "64, 64, 64",
			"Width" : "195",
			"Height" : "24",
			"NbMaxRows" : "2",
			"IsScrollable" : "false",
			
			"TextBoxName" : "TextBox_MainPanelWoth",
			"TextBoxBackColor" : "106, 163, 86",
			"TextBoxFontName" : "Calibri",
			"TextBoxFontSize" : "11",
			"TextBoxFontStyle" : "Bold",
			"TextBoxHeight" : "24",
            "TextBoxWidth" : "200",
			"TextBoxText" : "",
			
			"LabelColor": "White",
			"LabelBackColor" : "106, 163, 86",
			"LabelFontName" : "Calibri",
			"LabelFontSize" : "11",
			"LabelFontStyle" : "Bold",
            "LabelWidth" : "200",
			"LabelHeight" : "22",
        },
		{
			"Name" : "MainPanelBarren",
			"X" : "40",
			"Y" : "310",
			"Visible" : "true",
			"BackColor" : "64, 64, 64",
			"Width" : "195",
			"Height" : "72",
			"NbMaxRows" : "3",
			"IsScrollable" : "false",
			
			"TextBoxName" : "TextBox_MainPanelWoth",
			"TextBoxBackColor" : "198, 68, 92",
			"TextBoxFontName" : "Calibri",
			"TextBoxFontSize" : "11",
			"TextBoxFontStyle" : "Bold",
			"TextBoxWidth" : "195",
			"TextBoxHeight" : "24",
			"TextBoxText" : "",
			
			"LabelColor": "White",
			"LabelBackColor" : "IndianRed",
			"LabelFontName" : "Calibri",
			"LabelFontSize" : "11",
			"LabelFontStyle" : "Bold",
			"LabelWidth" : "195",
			"LabelHeight" : "24",
		},
	],
	"PanelWoth" : [
		{
			"Name" : "MainPanelWoth1",
			"X" : "10",
			"Y" : "390",
			"Visible" : "true",
			"BackColor" : "64, 64, 64",
			"Width" : "225",
			"Height" : "24",
			"NbMaxRows" : "1",
			"IsScrollable" : "false",
			
			"TextBoxName" : "TextBox_MainPanelWoth",
			"TextBoxBackColor" : "74, 138, 182",
			"TextBoxFontName" : "Calibri",
			"TextBoxFontSize" : "11",
			"TextBoxFontStyle" : "Bold",
			"TextBoxHeight" : "24",
			"TextBoxText" : "      :: Way of the Hero Location 1 ::",
			
			"LabelColor": "White",
			"LabelBackColor" : "CadetBlue",
			"LabelFontName" : "Calibri",
			"LabelFontSize" : "11",
			"LabelFontStyle" : "Bold",
			"LabelHeight" : "24",
		},
        {
			"Name" : "MainPanelWoth2",
			"X" : "10",
			"Y" : "450",
			"Visible" : "true",
			"BackColor" : "64, 64, 64",
			"Width" : "225",
			"Height" : "24",
			"NbMaxRows" : "1",
			"IsScrollable" : "false",
			
			"TextBoxName" : "TextBox_MainPanelWoth",
			"TextBoxBackColor" : "74, 138, 182",
			"TextBoxFontName" : "Calibri",
			"TextBoxFontSize" : "11",
			"TextBoxFontStyle" : "Bold",
			"TextBoxHeight" : "24",
			"TextBoxText" : "      :: Way of the Hero Location 2 ::",
			
			"LabelColor": "White",
			"LabelBackColor" : "CadetBlue",
			"LabelFontName" : "Calibri",
			"LabelFontSize" : "11",
			"LabelFontStyle" : "Bold",
			"LabelHeight" : "24",
		},
        {
			"Name" : "MainPanelWoth3",
			"X" : "10",
			"Y" : "510",
			"Visible" : "true",
			"BackColor" : "64, 64, 64",
			"Width" : "225",
			"Height" : "24",
			"NbMaxRows" : "1",
			"IsScrollable" : "false",
			
			"TextBoxName" : "TextBox_MainPanelWoth",
			"TextBoxBackColor" : "74, 138, 182",
			"TextBoxFontName" : "Calibri",
			"TextBoxFontSize" : "11",
			"TextBoxFontStyle" : "Bold",
			"TextBoxHeight" : "24",
			"TextBoxText" : "      :: Way of the Hero Location 3 ::",
			
			"LabelColor": "White",
			"LabelBackColor" : "CadetBlue",
			"LabelFontName" : "Calibri",
			"LabelFontSize" : "11",
			"LabelFontStyle" : "Bold",
			"LabelHeight" : "24",
		},
        {
			"Name" : "MainPanelWoth4",
			"X" : "10",
			"Y" : "570",
			"Visible" : "true",
			"BackColor" : "64, 64, 64",
			"Width" : "225",
			"Height" : "24",
			"NbMaxRows" : "1",
			"IsScrollable" : "false",
			
			"TextBoxName" : "TextBox_MainPanelWoth",
			"TextBoxBackColor" : "74, 138, 182",
			"TextBoxFontName" : "Calibri",
			"TextBoxFontSize" : "11",
			"TextBoxFontStyle" : "Bold",
			"TextBoxHeight" : "24",
			"TextBoxText" : "      :: Way of the Hero Location 4 ::",
			
			"LabelColor": "White",
			"LabelBackColor" : "CadetBlue",
			"LabelFontName" : "Calibri",
			"LabelFontSize" : "11",
			"LabelFontStyle" : "Bold",
			"LabelHeight" : "24",
		},
        {
			"Name" : "MainPanelWoth5",
			"X" : "10",
			"Y" : "630",
			"Visible" : "true",
			"BackColor" : "64, 64, 64",
			"Width" : "225",
			"Height" : "24",
			"NbMaxRows" : "1",
			"IsScrollable" : "false",
			
			"TextBoxName" : "TextBox_MainPanelWoth",
			"TextBoxBackColor" : "74, 138, 182",
			"TextBoxFontName" : "Calibri",
			"TextBoxFontSize" : "11",
			"TextBoxFontStyle" : "Bold",
			"TextBoxHeight" : "24",
			"TextBoxText" : "      :: Way of the Hero Location 5 ::",
			
			"LabelColor": "White",
			"LabelBackColor" : "CadetBlue",
			"LabelFontName" : "Calibri",
			"LabelFontSize" : "11",
			"LabelFontStyle" : "Bold",
			"LabelHeight" : "24",
		},
	],
}